record_id,predicted_pm25
27312,83.33
27313,83.33
27314,83.33
27315,83.33
27316,83.33
27317,83.33
27318,83.33
27319,83.33
27320,83.33
27321,83.33
27322,83.33
27323,83.33
27324,83.33
27325,83.33
27326,83.33
27327,83.33
27328,83.33
27329,83.33
27330,83.33
27331,83.33
27332,83.33
27333,83.33
27334,83.33
27335,83.33
27336,83.33
27337,83.33
27338,83.33
27339,83.33
27340,83.33
27341,83.33
27342,83.33
27343,83.33
27344,83.33
27345,83.33
27346,83.33
27347,83.33
27348,83.33
27349,83.33
27350,83.33
27351,83.33
27352,83.33
27353,83.33
27354,83.33
27355,83.33
27356,83.33
27357,83.33
27358,83.33
27359,83.33
27360,83.33
27361,83.33
27362,83.33
27363,83.33
27364,83.33
27365,83.33
27366,83.33
27367,83.33
27368,83.33
27369,83.33
27370,83.33
27371,83.33
27372,83.33
27373,83.33
27374,83.33
27375,83.33
27376,83.33
27377,83.33
27378,83.33
27379,83.33
27380,83.33
27381,83.33
27382,83.33
27383,83.33
27384,83.33
27385,83.33
27386,83.33
27387,83.33
27388,83.33
27389,83.33
27390,83.33
27391,83.33
27392,83.33
27393,83.33
27394,83.33
27395,83.33
27396,83.33
27397,83.33
27398,83.33
27399,83.33
27400,83.33
27401,83.33
27402,83.33
27403,83.33
27404,83.33
27405,83.33
27406,83.33
27407,83.33
27408,83.33
27409,83.33
27410,83.33
27411,83.33
27412,83.33
27413,83.33
27414,83.33
27415,83.33
27416,83.33
27417,83.33
27418,83.33
27419,83.33
27420,83.33
27421,83.33
27422,83.33
27423,83.33
27424,83.33
27425,83.33
27426,83.33
27427,83.33
27428,83.33
27429,83.33
27430,83.33
27431,83.33
27432,83.33
27433,83.33
27434,83.33
27435,83.33
27436,83.33
27437,83.33
27438,83.33
27439,83.33
27440,83.33
27441,83.33
27442,83.33
27443,83.33
27444,83.33
27445,83.33
27446,83.33
27447,83.33
27448,83.33
27449,83.33
27450,83.33
27451,83.33
27452,83.33
27453,83.33
27454,83.33
27455,83.33
27456,83.33
27457,83.33
27458,83.33
27459,83.33
27460,83.33
27461,83.33
27462,83.33
27463,83.33
27464,83.33
27465,83.33
27466,83.33
27467,83.33
27468,83.33
27469,83.33
27470,83.33
27471,83.33
27472,83.33
27473,83.33
27474,83.33
27475,83.33
27476,83.33
27477,83.33
27478,83.33
27479,83.33
27480,83.33
27481,83.33
27482,83.33
27483,83.33
27484,83.33
27485,83.33
27486,83.33
27487,83.33
27488,83.33
27489,83.33
27490,83.33
27491,83.33
27492,83.33
27493,83.33
27494,83.33
27495,83.33
27496,83.33
27497,83.33
27498,83.33
27499,83.33
27500,83.33
27501,83.33
27502,83.33
27503,83.33
27504,83.33
27505,83.33
27506,83.33
27507,83.33
27508,83.33
27509,83.33
27510,83.33
27511,83.33
27512,83.33
27513,83.33
27514,83.33
27515,83.33
27516,83.33
27517,83.33
27518,83.33
27519,83.33
27520,83.33
27521,83.33
27522,83.33
27523,83.33
27524,83.33
27525,83.33
27526,83.33
27527,83.33
27528,83.33
27529,83.33
27530,83.33
27531,83.33
27532,83.33
27533,83.33
27534,83.33
27535,83.33
27536,83.33
27537,83.33
27538,83.33
27539,83.33
27540,83.33
27541,83.33
27542,83.33
27543,83.33
27544,83.33
27545,83.33
27546,83.33
27547,83.33
27548,83.33
27549,83.33
27550,83.33
27551,83.33
27552,83.33
27553,83.33
27554,83.33
27555,83.33
27556,83.33
27557,83.33
27558,83.33
27559,83.33
27560,83.33
27561,83.33
27562,83.33
27563,83.33
27564,83.33
27565,83.33
27566,83.33
27567,83.33
27568,83.33
27569,83.33
27570,83.33
27571,83.33
27572,83.33
27573,83.33
27574,83.33
27575,83.33
27576,83.33
27577,83.33
27578,83.33
27579,83.33
27580,83.33
27581,83.33
27582,83.33
27583,83.33
27584,83.33
27585,83.33
27586,83.33
27587,83.33
27588,83.33
27589,83.33
27590,83.33
27591,83.33
27592,83.33
27593,83.33
27594,83.33
27595,83.33
27596,83.33
27597,83.33
27598,83.33
27599,83.33
27600,83.33
27601,83.33
27602,83.33
27603,83.33
27604,83.33
27605,83.33
27606,83.33
27607,83.33
27608,83.33
27609,83.33
27610,83.33
27611,83.33
27612,83.33
27613,83.33
27614,83.33
27615,83.33
27616,83.33
27617,83.33
27618,83.33
27619,83.33
27620,83.33
27621,83.33
27622,83.33
27623,83.33
27624,83.33
27625,83.33
27626,83.33
27627,83.33
27628,83.33
27629,83.33
27630,83.33
27631,83.33
27632,83.33
27633,83.33
27634,83.33
27635,83.33
27636,83.33
27637,83.33
27638,83.33
27639,83.33
27640,83.33
27641,83.33
27642,83.33
27643,83.33
27644,83.33
27645,83.33
27646,83.33
27647,83.33
27648,83.33
27649,83.33
27650,83.33
27651,83.33
27652,83.33
27653,83.33
27654,83.33
27655,83.33
27656,83.33
27657,83.33
27658,83.33
27659,83.33
27660,83.33
27661,83.33
27662,83.33
27663,83.33
27664,83.33
27665,83.33
27666,83.33
27667,83.33
27668,83.33
27669,83.33
27670,83.33
27671,83.33
27672,83.33
27673,83.33
27674,83.33
27675,83.33
27676,83.33
27677,83.33
27678,83.33
27679,83.33
27680,83.33
27681,83.33
27682,83.33
27683,83.33
27684,83.33
27685,83.33
27686,83.33
27687,83.33
27688,83.33
27689,83.33
27690,83.33
27691,83.33
27692,83.33
27693,83.33
27694,83.33
27695,83.33
27696,83.33
27697,83.33
27698,83.33
27699,83.33
27700,83.33
27701,83.33
27702,83.33
27703,83.33
27704,83.33
27705,83.33
27706,83.33
27707,83.33
27708,83.33
27709,83.33
27710,83.33
27711,83.33
27712,83.33
27713,83.33
27714,83.33
27715,83.33
27716,83.33
27717,83.33
27718,83.33
27719,83.33
27720,83.33
27721,83.33
27722,83.33
27723,83.33
27724,83.33
27725,83.33
27726,83.33
27727,83.33
27728,83.33
27729,83.33
27730,83.33
27731,83.33
27732,83.33
27733,83.33
27734,83.33
27735,83.33
27736,83.33
27737,83.33
27738,83.33
27739,83.33
27740,83.33
27741,83.33
27742,83.33
27743,83.33
27744,83.33
27745,83.33
27746,83.33
27747,83.33
27748,83.33
27749,83.33
27750,83.33
27751,83.33
27752,83.33
27753,83.33
27754,83.33
27755,83.33
27756,83.33
27757,83.33
27758,83.33
27759,83.33
27760,83.33
27761,83.33
27762,83.33
27763,83.33
27764,83.33
27765,83.33
27766,83.33
27767,83.33
27768,83.33
27769,83.33
27770,83.33
27771,83.33
27772,83.33
27773,83.33
27774,83.33
27775,83.33
27776,83.33
27777,83.33
27778,83.33
27779,83.33
27780,83.33
27781,83.33
27782,83.33
27783,83.33
27784,83.33
27785,83.33
27786,83.33
27787,83.33
27788,83.33
27789,83.33
27790,83.33
27791,83.33
27792,83.33
27793,83.33
27794,83.33
27795,83.33
27796,83.33
27797,83.33
27798,83.33
27799,83.33
27800,83.33
27801,83.33
27802,83.33
27803,83.33
27804,83.33
27805,83.33
27806,83.33
27807,83.33
27808,83.33
27809,83.33
27810,83.33
27811,83.33
27812,83.33
27813,83.33
27814,83.33
27815,83.33
27816,83.33
27817,83.33
27818,83.33
27819,83.33
27820,83.33
27821,83.33
27822,83.33
27823,83.33
27824,83.33
27825,83.33
27826,83.33
27827,83.33
27828,83.33
27829,83.33
27830,83.33
27831,83.33
27832,83.33
27833,83.33
27834,83.33
27835,83.33
27836,83.33
27837,83.33
27838,83.33
27839,83.33
27840,83.33
27841,83.33
27842,83.33
27843,83.33
27844,83.33
27845,83.33
27846,83.33
27847,83.33
27848,83.33
27849,83.33
27850,83.33
27851,83.33
27852,83.33
27853,83.33
27854,83.33
27855,83.33
27856,83.33
27857,83.33
27858,83.33
27859,83.33
27860,83.33
27861,83.33
27862,83.33
27863,83.33
27864,83.33
27865,83.33
27866,83.33
27867,83.33
27868,83.33
27869,83.33
27870,83.33
27871,83.33
27872,83.33
27873,83.33
27874,83.33
27875,83.33
27876,83.33
27877,83.33
27878,83.33
27879,83.33
27880,83.33
27881,83.33
27882,83.33
27883,83.33
27884,83.33
27885,83.33
27886,83.33
27887,83.33
27888,83.33
27889,83.33
27890,83.33
27891,83.33
27892,83.33
27893,83.33
27894,83.33
27895,83.33
27896,83.33
27897,83.33
27898,83.33
27899,83.33
27900,83.33
27901,83.33
27902,83.33
27903,83.33
27904,83.33
27905,83.33
27906,83.33
27907,83.33
27908,83.33
27909,83.33
27910,83.33
27911,83.33
27912,83.33
27913,83.33
27914,83.33
27915,83.33
27916,83.33
27917,83.33
27918,83.33
27919,83.33
27920,83.33
27921,83.33
27922,83.33
27923,83.33
27924,83.33
27925,83.33
27926,83.33
27927,83.33
27928,83.33
27929,83.33
27930,83.33
27931,83.33
27932,83.33
27933,83.33
27934,83.33
27935,83.33
27936,83.33
27937,83.33
27938,83.33
27939,83.33
27940,83.33
27941,83.33
27942,83.33
27943,83.33
27944,83.33
27945,83.33
27946,83.33
27947,83.33
27948,83.33
27949,83.33
27950,83.33
27951,83.33
27952,83.33
27953,83.33
27954,83.33
27955,83.33
27956,83.33
27957,83.33
27958,83.33
27959,83.33
27960,83.33
27961,83.33
27962,83.33
27963,83.33
27964,83.33
27965,83.33
27966,83.33
27967,83.33
27968,83.33
27969,83.33
27970,83.33
27971,83.33
27972,83.33
27973,83.33
27974,83.33
27975,83.33
27976,83.33
27977,83.33
27978,83.33
27979,83.33
27980,83.33
27981,83.33
27982,83.33
27983,83.33
27984,83.33
27985,83.33
27986,83.33
27987,83.33
27988,83.33
27989,83.33
27990,83.33
27991,83.33
27992,83.33
27993,83.33
27994,83.33
27995,83.33
27996,83.33
27997,83.33
27998,83.33
27999,83.33
28000,83.33
28001,83.33
28002,83.33
28003,83.33
28004,83.33
28005,83.33
28006,83.33
28007,83.33
28008,83.33
28009,83.33
28010,83.33
28011,83.33
28012,83.33
28013,83.33
28014,83.33
28015,83.33
28016,83.33
28017,83.33
28018,83.33
28019,83.33
28020,83.33
28021,83.33
28022,83.33
28023,83.33
28024,83.33
28025,83.33
28026,83.33
28027,83.33
28028,83.33
28029,83.33
28030,83.33
28031,83.33
28032,83.33
28033,83.33
28034,83.33
28035,83.33
28036,83.33
28037,83.33
28038,83.33
28039,83.33
28040,83.33
28041,83.33
28042,83.33
28043,83.33
28044,83.33
28045,83.33
28046,83.33
28047,83.33
28048,83.33
28049,83.33
28050,83.33
28051,83.33
28052,83.33
28053,83.33
28054,83.33
28055,83.33
28056,83.33
28057,83.33
28058,83.33
28059,83.33
28060,83.33
28061,83.33
28062,83.33
28063,83.33
28064,83.33
28065,83.33
28066,83.33
28067,83.33
28068,83.33
28069,83.33
28070,83.33
28071,83.33
28072,83.33
28073,83.33
28074,83.33
28075,83.33
28076,83.33
28077,83.33
28078,83.33
28079,83.33
28080,83.33
28081,83.33
28082,83.33
28083,83.33
28084,83.33
28085,83.33
28086,83.33
28087,83.33
28088,83.33
28089,83.33
28090,83.33
28091,83.33
28092,83.33
28093,83.33
28094,83.33
28095,83.33
28096,83.33
28097,83.33
28098,83.33
28099,83.33
28100,83.33
28101,83.33
28102,83.33
28103,83.33
28104,83.33
28105,83.33
28106,83.33
28107,83.33
28108,83.33
28109,83.33
28110,83.33
28111,83.33
28112,83.33
28113,83.33
28114,83.33
28115,83.33
28116,83.33
28117,83.33
28118,83.33
28119,83.33
28120,83.33
28121,83.33
28122,83.33
28123,83.33
28124,83.33
28125,83.33
28126,83.33
28127,83.33
28128,83.33
28129,83.33
28130,83.33
28131,83.33
28132,83.33
28133,83.33
28134,83.33
28135,83.33
28136,83.33
28137,83.33
28138,83.33
28139,83.33
28140,83.33
28141,83.33
28142,83.33
28143,83.33
28144,83.33
28145,83.33
28146,83.33
28147,83.33
28148,83.33
28149,83.33
28150,83.33
28151,83.33
28152,83.33
28153,83.33
28154,83.33
28155,83.33
28156,83.33
28157,83.33
28158,83.33
28159,83.33
28160,83.33
28161,83.33
28162,83.33
28163,83.33
28164,83.33
28165,83.33
28166,83.33
28167,83.33
28168,83.33
28169,83.33
28170,83.33
28171,83.33
28172,83.33
28173,83.33
28174,83.33
28175,83.33
28176,83.33
28177,83.33
28178,83.33
28179,83.33
28180,83.33
28181,83.33
28182,83.33
28183,83.33
28184,83.33
28185,83.33
28186,83.33
28187,83.33
28188,83.33
28189,83.33
28190,83.33
28191,83.33
28192,83.33
28193,83.33
28194,83.33
28195,83.33
28196,83.33
28197,83.33
28198,83.33
28199,83.33
28200,83.33
28201,83.33
28202,83.33
28203,83.33
28204,83.33
28205,83.33
28206,83.33
28207,83.33
28208,83.33
28209,83.33
28210,83.33
28211,83.33
28212,83.33
28213,83.33
28214,83.33
28215,83.33
28216,83.33
28217,83.33
28218,83.33
28219,83.33
28220,83.33
28221,83.33
28222,83.33
28223,83.33
28224,83.33
28225,83.33
28226,83.33
28227,83.33
28228,83.33
28229,83.33
28230,83.33
28231,83.33
28232,83.33
28233,83.33
28234,83.33
28235,83.33
28236,83.33
28237,83.33
28238,83.33
28239,83.33
28240,83.33
28241,83.33
28242,83.33
28243,83.33
28244,83.33
28245,83.33
28246,83.33
28247,83.33
28248,83.33
28249,83.33
28250,83.33
28251,83.33
28252,83.33
28253,83.33
28254,83.33
28255,83.33
28256,83.33
28257,83.33
28258,83.33
28259,83.33
28260,83.33
28261,83.33
28262,83.33
28263,83.33
28264,83.33
28265,83.33
28266,83.33
28267,83.33
28268,83.33
28269,83.33
28270,83.33
28271,83.33
28272,83.33
28273,83.33
28274,83.33
28275,83.33
28276,83.33
28277,83.33
28278,83.33
28279,83.33
28280,83.33
28281,83.33
28282,83.33
28283,83.33
28284,83.33
28285,83.33
28286,83.33
28287,83.33
28288,83.33
28289,83.33
28290,83.33
28291,83.33
28292,83.33
28293,83.33
28294,83.33
28295,83.33
28296,83.33
28297,83.33
28298,83.33
28299,83.33
28300,83.33
28301,83.33
28302,83.33
28303,83.33
28304,83.33
28305,83.33
28306,83.33
28307,83.33
28308,83.33
28309,83.33
28310,83.33
28311,83.33
28312,83.33
28313,83.33
28314,83.33
28315,83.33
28316,83.33
28317,83.33
28318,83.33
28319,83.33
28320,83.33
28321,83.33
28322,83.33
28323,83.33
28324,83.33
28325,83.33
28326,83.33
28327,83.33
28328,83.33
28329,83.33
28330,83.33
28331,83.33
28332,83.33
28333,83.33
28334,83.33
28335,83.33
28336,83.33
28337,83.33
28338,83.33
28339,83.33
28340,83.33
28341,83.33
28342,83.33
28343,83.33
28344,83.33
28345,83.33
28346,83.33
28347,83.33
28348,83.33
28349,83.33
28350,83.33
28351,83.33
28352,83.33
28353,83.33
28354,83.33
28355,83.33
28356,83.33
28357,83.33
28358,83.33
28359,83.33
28360,83.33
28361,83.33
28362,83.33
28363,83.33
28364,83.33
28365,83.33
28366,83.33
28367,83.33
28368,83.33
28369,83.33
28370,83.33
28371,83.33
28372,83.33
28373,83.33
28374,83.33
28375,83.33
28376,83.33
28377,83.33
28378,83.33
28379,83.33
28380,83.33
28381,83.33
28382,83.33
28383,83.33
28384,83.33
28385,83.33
28386,83.33
28387,83.33
28388,83.33
28389,83.33
28390,83.33
28391,83.33
28392,83.33
28393,83.33
28394,83.33
28395,83.33
28396,83.33
28397,83.33
28398,83.33
28399,83.33
28400,83.33
28401,83.33
28402,83.33
28403,83.33
28404,83.33
28405,83.33
28406,83.33
28407,83.33
28408,83.33
28409,83.33
28410,83.33
28411,83.33
28412,83.33
28413,83.33
28414,83.33
28415,83.33
28416,83.33
28417,83.33
28418,83.33
28419,83.33
28420,83.33
28421,83.33
28422,83.33
28423,83.33
28424,83.33
28425,83.33
28426,83.33
28427,83.33
28428,83.33
28429,83.33
28430,83.33
28431,83.33
28432,83.33
28433,83.33
28434,83.33
28435,83.33
28436,83.33
28437,83.33
28438,83.33
28439,83.33
28440,83.33
28441,83.33
28442,83.33
28443,83.33
28444,83.33
28445,83.33
28446,83.33
28447,83.33
28448,83.33
28449,83.33
28450,83.33
28451,83.33
28452,83.33
28453,83.33
28454,83.33
28455,83.33
28456,83.33
28457,83.33
28458,83.33
28459,83.33
28460,83.33
28461,83.33
28462,83.33
28463,83.33
28464,83.33
28465,83.33
28466,83.33
28467,83.33
28468,83.33
28469,83.33
28470,83.33
28471,83.33
28472,83.33
28473,83.33
28474,83.33
28475,83.33
28476,83.33
28477,83.33
28478,83.33
28479,83.33
28480,83.33
28481,83.33
28482,83.33
28483,83.33
28484,83.33
28485,83.33
28486,83.33
28487,83.33
28488,83.33
28489,83.33
28490,83.33
28491,83.33
28492,83.33
28493,83.33
28494,83.33
28495,83.33
28496,83.33
28497,83.33
28498,83.33
28499,83.33
28500,83.33
28501,83.33
28502,83.33
28503,83.33
28504,83.33
28505,83.33
28506,83.33
28507,83.33
28508,83.33
28509,83.33
28510,83.33
28511,83.33
28512,83.33
28513,83.33
28514,83.33
28515,83.33
28516,83.33
28517,83.33
28518,83.33
28519,83.33
28520,83.33
28521,83.33
28522,83.33
28523,83.33
28524,83.33
28525,83.33
28526,83.33
28527,83.33
28528,83.33
28529,83.33
28530,83.33
28531,83.33
28532,83.33
28533,83.33
28534,83.33
28535,83.33
28536,83.33
28537,83.33
28538,83.33
28539,83.33
28540,83.33
28541,83.33
28542,83.33
28543,83.33
28544,83.33
28545,83.33
28546,83.33
28547,83.33
28548,83.33
28549,83.33
28550,83.33
28551,83.33
28552,83.33
28553,83.33
28554,83.33
28555,83.33
28556,83.33
28557,83.33
28558,83.33
28559,83.33
28560,83.33
28561,83.33
28562,83.33
28563,83.33
28564,83.33
28565,83.33
28566,83.33
28567,83.33
28568,83.33
28569,83.33
28570,83.33
28571,83.33
28572,83.33
28573,83.33
28574,83.33
28575,83.33
28576,83.33
28577,83.33
28578,83.33
28579,83.33
28580,83.33
28581,83.33
28582,83.33
28583,83.33
28584,83.33
28585,83.33
28586,83.33
28587,83.33
28588,83.33
28589,83.33
28590,83.33
28591,83.33
28592,83.33
28593,83.33
28594,83.33
28595,83.33
28596,83.33
28597,83.33
28598,83.33
28599,83.33
28600,83.33
28601,83.33
28602,83.33
28603,83.33
28604,83.33
28605,83.33
28606,83.33
28607,83.33
28608,83.33
28609,83.33
28610,83.33
28611,83.33
28612,83.33
28613,83.33
28614,83.33
28615,83.33
28616,83.33
28617,83.33
28618,83.33
28619,83.33
28620,83.33
28621,83.33
28622,83.33
28623,83.33
28624,83.33
28625,83.33
28626,83.33
28627,83.33
28628,83.33
28629,83.33
28630,83.33
28631,83.33
28632,83.33
28633,83.33
28634,83.33
28635,83.33
28636,83.33
28637,83.33
28638,83.33
28639,83.33
28640,83.33
28641,83.33
28642,83.33
28643,83.33
28644,83.33
28645,83.33
28646,83.33
28647,83.33
28648,83.33
28649,83.33
28650,83.33
28651,83.33
28652,83.33
28653,83.33
28654,83.33
28655,83.33
28656,83.33
28657,83.33
28658,83.33
28659,83.33
28660,83.33
28661,83.33
28662,83.33
28663,83.33
28664,83.33
28665,83.33
28666,83.33
28667,83.33
28668,83.33
28669,83.33
28670,83.33
28671,83.33
28672,83.33
28673,83.33
28674,83.33
28675,83.33
28676,83.33
28677,83.33
28678,83.33
28679,83.33
28680,83.33
28681,83.33
28682,83.33
28683,83.33
28684,83.33
28685,83.33
28686,83.33
28687,83.33
28688,83.33
28689,83.33
28690,83.33
28691,83.33
28692,83.33
28693,83.33
28694,83.33
28695,83.33
28696,83.33
28697,83.33
28698,83.33
28699,83.33
28700,83.33
28701,83.33
28702,83.33
28703,83.33
28704,83.33
28705,83.33
28706,83.33
28707,83.33
28708,83.33
28709,83.33
28710,83.33
28711,83.33
28712,83.33
28713,83.33
28714,83.33
28715,83.33
28716,83.33
28717,83.33
28718,83.33
28719,83.33
28720,83.33
28721,83.33
28722,83.33
28723,83.33
28724,83.33
28725,83.33
28726,83.33
28727,83.33
28728,83.33
28729,83.33
28730,83.33
28731,83.33
28732,83.33
28733,83.33
28734,83.33
28735,83.33
28736,83.33
28737,83.33
28738,83.33
28739,83.33
28740,83.33
28741,83.33
28742,83.33
28743,83.33
28744,83.33
28745,83.33
28746,83.33
28747,83.33
28748,83.33
28749,83.33
28750,83.33
28751,83.33
28752,83.33
28753,83.33
28754,83.33
28755,83.33
28756,83.33
28757,83.33
28758,83.33
28759,83.33
28760,83.33
28761,83.33
28762,83.33
28763,83.33
28764,83.33
28765,83.33
28766,83.33
28767,83.33
28768,83.33
28769,83.33
28770,83.33
28771,83.33
28772,83.33
28773,83.33
28774,83.33
28775,83.33
28776,83.33
28777,83.33
28778,83.33
28779,83.33
28780,83.33
28781,83.33
28782,83.33
28783,83.33
28784,83.33
28785,83.33
28786,83.33
28787,83.33
28788,83.33
28789,83.33
28790,83.33
28791,83.33
28792,83.33
28793,83.33
28794,83.33
28795,83.33
28796,83.33
28797,83.33
28798,83.33
28799,83.33
28800,83.33
28801,83.33
28802,83.33
28803,83.33
28804,83.33
28805,83.33
28806,83.33
28807,83.33
28808,83.33
28809,83.33
28810,83.33
28811,83.33
28812,83.33
28813,83.33
28814,83.33
28815,83.33
28816,83.33
28817,83.33
28818,83.33
28819,83.33
28820,83.33
28821,83.33
28822,83.33
28823,83.33
28824,83.33
28825,83.33
28826,83.33
28827,83.33
28828,83.33
28829,83.33
28830,83.33
28831,83.33
28832,83.33
28833,83.33
28834,83.33
28835,83.33
28836,83.33
28837,83.33
28838,83.33
28839,83.33
28840,83.33
28841,83.33
28842,83.33
28843,83.33
28844,83.33
28845,83.33
28846,83.33
28847,83.33
28848,83.33
28849,83.33
28850,83.33
28851,83.33
28852,83.33
28853,83.33
28854,83.33
28855,83.33
28856,83.33
28857,83.33
28858,83.33
28859,83.33
28860,83.33
28861,83.33
28862,83.33
28863,83.33
28864,83.33
28865,83.33
28866,83.33
28867,83.33
28868,83.33
28869,83.33
28870,83.33
28871,83.33
28872,83.33
28873,83.33
28874,83.33
28875,83.33
28876,83.33
28877,83.33
28878,83.33
28879,83.33
28880,83.33
28881,83.33
28882,83.33
28883,83.33
28884,83.33
28885,83.33
28886,83.33
28887,83.33
28888,83.33
28889,83.33
28890,83.33
28891,83.33
28892,83.33
28893,83.33
28894,83.33
28895,83.33
28896,83.33
28897,83.33
28898,83.33
28899,83.33
28900,83.33
28901,83.33
28902,83.33
28903,83.33
28904,83.33
28905,83.33
28906,83.33
28907,83.33
28908,83.33
28909,83.33
28910,83.33
28911,83.33
28912,83.33
28913,83.33
28914,83.33
28915,83.33
28916,83.33
28917,83.33
28918,83.33
28919,83.33
28920,83.33
28921,83.33
28922,83.33
28923,83.33
28924,83.33
28925,83.33
28926,83.33
28927,83.33
28928,83.33
28929,83.33
28930,83.33
28931,83.33
28932,83.33
28933,83.33
28934,83.33
28935,83.33
28936,83.33
28937,83.33
28938,83.33
28939,83.33
28940,83.33
28941,83.33
28942,83.33
28943,83.33
28944,83.33
28945,83.33
28946,83.33
28947,83.33
28948,83.33
28949,83.33
28950,83.33
28951,83.33
28952,83.33
28953,83.33
28954,83.33
28955,83.33
28956,83.33
28957,83.33
28958,83.33
28959,83.33
28960,83.33
28961,83.33
28962,83.33
28963,83.33
28964,83.33
28965,83.33
28966,83.33
28967,83.33
28968,83.33
28969,83.33
28970,83.33
28971,83.33
28972,83.33
28973,83.33
28974,83.33
28975,83.33
28976,83.33
28977,83.33
28978,83.33
28979,83.33
28980,83.33
28981,83.33
28982,83.33
28983,83.33
28984,83.33
28985,83.33
28986,83.33
28987,83.33
28988,83.33
28989,83.33
28990,83.33
28991,83.33
28992,83.33
28993,83.33
28994,83.33
28995,83.33
28996,83.33
28997,83.33
28998,83.33
28999,83.33
29000,83.33
29001,83.33
29002,83.33
29003,83.33
29004,83.33
29005,83.33
29006,83.33
29007,83.33
29008,83.33
29009,83.33
29010,83.33
29011,83.33
29012,83.33
29013,83.33
29014,83.33
29015,83.33
29016,83.33
29017,83.33
29018,83.33
29019,83.33
29020,83.33
29021,83.33
29022,83.33
29023,83.33
29024,83.33
29025,83.33
29026,83.33
29027,83.33
29028,83.33
29029,83.33
29030,83.33
29031,83.33
29032,83.33
29033,83.33
29034,83.33
29035,83.33
29036,83.33
29037,83.33
29038,83.33
29039,83.33
29040,83.33
29041,83.33
29042,83.33
29043,83.33
29044,83.33
29045,83.33
29046,83.33
29047,83.33
29048,83.33
29049,83.33
29050,83.33
29051,83.33
29052,83.33
29053,83.33
29054,83.33
29055,83.33
29056,83.33
29057,83.33
29058,83.33
29059,83.33
29060,83.33
29061,83.33
29062,83.33
29063,83.33
29064,83.33
29065,83.33
29066,83.33
29067,83.33
29068,83.33
29069,83.33
29070,83.33
29071,83.33
29072,83.33
29073,83.33
29074,83.33
29075,83.33
29076,83.33
29077,83.33
29078,83.33
29079,83.33
29080,83.33
29081,83.33
29082,83.33
29083,83.33
29084,83.33
29085,83.33
29086,83.33
29087,83.33
29088,83.33
29089,83.33
29090,83.33
29091,83.33
29092,83.33
29093,83.33
29094,83.33
29095,83.33
29096,83.33
29097,83.33
29098,83.33
29099,83.33
29100,83.33
29101,83.33
29102,83.33
29103,83.33
29104,83.33
29105,83.33
29106,83.33
29107,83.33
29108,83.33
29109,83.33
29110,83.33
29111,83.33
29112,83.33
29113,83.33
29114,83.33
29115,83.33
29116,83.33
29117,83.33
29118,83.33
29119,83.33
29120,83.33
29121,83.33
29122,83.33
29123,83.33
29124,83.33
29125,83.33
29126,83.33
29127,83.33
29128,83.33
29129,83.33
29130,83.33
29131,83.33
29132,83.33
29133,83.33
29134,83.33
29135,83.33
29136,83.33
29137,83.33
29138,83.33
29139,83.33
29140,83.33
29141,83.33
29142,83.33
29143,83.33
29144,83.33
29145,83.33
29146,83.33
29147,83.33
29148,83.33
29149,83.33
29150,83.33
29151,83.33
29152,83.33
29153,83.33
29154,83.33
29155,83.33
29156,83.33
29157,83.33
29158,83.33
29159,83.33
29160,83.33
29161,83.33
29162,83.33
29163,83.33
29164,83.33
29165,83.33
29166,83.33
29167,83.33
29168,83.33
29169,83.33
29170,83.33
29171,83.33
29172,83.33
29173,83.33
29174,83.33
29175,83.33
29176,83.33
29177,83.33
29178,83.33
29179,83.33
29180,83.33
29181,83.33
29182,83.33
29183,83.33
29184,83.33
29185,83.33
29186,83.33
29187,83.33
29188,83.33
29189,83.33
29190,83.33
29191,83.33
29192,83.33
29193,83.33
29194,83.33
29195,83.33
29196,83.33
29197,83.33
29198,83.33
29199,83.33
29200,83.33
29201,83.33
29202,83.33
29203,83.33
29204,83.33
29205,83.33
29206,83.33
29207,83.33
29208,83.33
29209,83.33
29210,83.33
29211,83.33
29212,83.33
29213,83.33
29214,83.33
29215,83.33
29216,83.33
29217,83.33
29218,83.33
29219,83.33
29220,83.33
29221,83.33
29222,83.33
29223,83.33
29224,83.33
29225,83.33
29226,83.33
29227,83.33
29228,83.33
29229,83.33
29230,83.33
29231,83.33
29232,83.33
29233,83.33
29234,83.33
29235,83.33
29236,83.33
29237,83.33
29238,83.33
29239,83.33
29240,83.33
29241,83.33
29242,83.33
29243,83.33
29244,83.33
29245,83.33
29246,83.33
29247,83.33
29248,83.33
29249,83.33
29250,83.33
29251,83.33
29252,83.33
29253,83.33
29254,83.33
29255,83.33
29256,83.33
29257,83.33
29258,83.33
29259,83.33
29260,83.33
29261,83.33
29262,83.33
29263,83.33
29264,83.33
29265,83.33
29266,83.33
29267,83.33
29268,83.33
29269,83.33
29270,83.33
29271,83.33
29272,83.33
29273,83.33
29274,83.33
29275,83.33
29276,83.33
29277,83.33
29278,83.33
29279,83.33
29280,83.33
29281,83.33
29282,83.33
29283,83.33
29284,83.33
29285,83.33
29286,83.33
29287,83.33
29288,83.33
29289,83.33
29290,83.33
29291,83.33
29292,83.33
29293,83.33
29294,83.33
29295,83.33
29296,83.33
29297,83.33
29298,83.33
29299,83.33
29300,83.33
29301,83.33
29302,83.33
29303,83.33
29304,83.33
29305,83.33
29306,83.33
29307,83.33
29308,83.33
29309,83.33
29310,83.33
29311,83.33
29312,83.33
29313,83.33
29314,83.33
29315,83.33
29316,83.33
29317,83.33
29318,83.33
29319,83.33
29320,83.33
29321,83.33
29322,83.33
29323,83.33
29324,83.33
29325,83.33
29326,83.33
29327,83.33
29328,83.33
29329,83.33
29330,83.33
29331,83.33
29332,83.33
29333,83.33
29334,83.33
29335,83.33
29336,83.33
29337,83.33
29338,83.33
29339,83.33
29340,83.33
29341,83.33
29342,83.33
29343,83.33
29344,83.33
29345,83.33
29346,83.33
29347,83.33
29348,83.33
29349,83.33
29350,83.33
29351,83.33
29352,83.33
29353,83.33
29354,83.33
29355,83.33
29356,83.33
29357,83.33
29358,83.33
29359,83.33
29360,83.33
29361,83.33
29362,83.33
29363,83.33
29364,83.33
29365,83.33
29366,83.33
29367,83.33
29368,83.33
29369,83.33
29370,83.33
29371,83.33
29372,83.33
29373,83.33
29374,83.33
29375,83.33
29376,83.33
29377,83.33
29378,83.33
29379,83.33
29380,83.33
29381,83.33
29382,83.33
29383,83.33
29384,83.33
29385,83.33
29386,83.33
29387,83.33
29388,83.33
29389,83.33
29390,83.33
29391,83.33
29392,83.33
29393,83.33
29394,83.33
29395,83.33
29396,83.33
29397,83.33
29398,83.33
29399,83.33
29400,83.33
29401,83.33
29402,83.33
29403,83.33
29404,83.33
29405,83.33
29406,83.33
29407,83.33
29408,83.33
29409,83.33
29410,83.33
29411,83.33
29412,83.33
29413,83.33
29414,83.33
29415,83.33
29416,83.33
29417,83.33
29418,83.33
29419,83.33
29420,83.33
29421,83.33
29422,83.33
29423,83.33
29424,83.33
29425,83.33
29426,83.33
29427,83.33
29428,83.33
29429,83.33
29430,83.33
29431,83.33
29432,83.33
29433,83.33
29434,83.33
29435,83.33
29436,83.33
29437,83.33
29438,83.33
29439,83.33
29440,83.33
29441,83.33
29442,83.33
29443,83.33
29444,83.33
29445,83.33
29446,83.33
29447,83.33
29448,83.33
29449,83.33
29450,83.33
29451,83.33
29452,83.33
29453,83.33
29454,83.33
29455,83.33
29456,83.33
29457,83.33
29458,83.33
29459,83.33
29460,83.33
29461,83.33
29462,83.33
29463,83.33
29464,83.33
29465,83.33
29466,83.33
29467,83.33
29468,83.33
29469,83.33
29470,83.33
29471,83.33
29472,83.33
29473,83.33
29474,83.33
29475,83.33
29476,83.33
29477,83.33
29478,83.33
29479,83.33
29480,83.33
29481,83.33
29482,83.33
29483,83.33
29484,83.33
29485,83.33
29486,83.33
29487,83.33
29488,83.33
29489,83.33
29490,83.33
29491,83.33
29492,83.33
29493,83.33
29494,83.33
29495,83.33
29496,83.33
29497,83.33
29498,83.33
29499,83.33
29500,83.33
29501,83.33
29502,83.33
29503,83.33
29504,83.33
29505,83.33
29506,83.33
29507,83.33
29508,83.33
29509,83.33
29510,83.33
29511,83.33
29512,83.33
29513,83.33
29514,83.33
29515,83.33
29516,83.33
29517,83.33
29518,83.33
29519,83.33
29520,83.33
29521,83.33
29522,83.33
29523,83.33
29524,83.33
29525,83.33
29526,83.33
29527,83.33
29528,83.33
29529,83.33
29530,83.33
29531,83.33
29532,83.33
29533,83.33
29534,83.33
29535,83.33
29536,83.33
29537,83.33
29538,83.33
29539,83.33
29540,83.33
29541,83.33
29542,83.33
29543,83.33
29544,83.33
29545,83.33
29546,83.33
29547,83.33
29548,83.33
29549,83.33
29550,83.33
29551,83.33
29552,83.33
29553,83.33
29554,83.33
29555,83.33
29556,83.33
29557,83.33
29558,83.33
29559,83.33
29560,83.33
29561,83.33
29562,83.33
29563,83.33
29564,83.33
29565,83.33
29566,83.33
29567,83.33
29568,83.33
29569,83.33
29570,83.33
29571,83.33
29572,83.33
29573,83.33
29574,83.33
29575,83.33
29576,83.33
29577,83.33
29578,83.33
29579,83.33
29580,83.33
29581,83.33
29582,83.33
29583,83.33
29584,83.33
29585,83.33
29586,83.33
29587,83.33
29588,83.33
29589,83.33
29590,83.33
29591,83.33
29592,83.33
29593,83.33
29594,83.33
29595,83.33
29596,83.33
29597,83.33
29598,83.33
29599,83.33
29600,83.33
29601,83.33
29602,83.33
29603,83.33
29604,83.33
29605,83.33
29606,83.33
29607,83.33
29608,83.33
29609,83.33
29610,83.33
29611,83.33
29612,83.33
29613,83.33
29614,83.33
29615,83.33
29616,83.33
29617,83.33
29618,83.33
29619,83.33
29620,83.33
29621,83.33
29622,83.33
29623,83.33
29624,83.33
29625,83.33
29626,83.33
29627,83.33
29628,83.33
29629,83.33
29630,83.33
29631,83.33
29632,83.33
29633,83.33
29634,83.33
29635,83.33
29636,83.33
29637,83.33
29638,83.33
29639,83.33
29640,83.33
29641,83.33
29642,83.33
29643,83.33
29644,83.33
29645,83.33
29646,83.33
29647,83.33
29648,83.33
29649,83.33
29650,83.33
29651,83.33
29652,83.33
29653,83.33
29654,83.33
29655,83.33
29656,83.33
29657,83.33
29658,83.33
29659,83.33
29660,83.33
29661,83.33
29662,83.33
29663,83.33
29664,83.33
29665,83.33
29666,83.33
29667,83.33
29668,83.33
29669,83.33
29670,83.33
29671,83.33
29672,83.33
29673,83.33
29674,83.33
29675,83.33
29676,83.33
29677,83.33
29678,83.33
29679,83.33
29680,83.33
29681,83.33
29682,83.33
29683,83.33
29684,83.33
29685,83.33
29686,83.33
29687,83.33
29688,83.33
29689,83.33
29690,83.33
29691,83.33
29692,83.33
29693,83.33
29694,83.33
29695,83.33
29696,83.33
29697,83.33
29698,83.33
29699,83.33
29700,83.33
29701,83.33
29702,83.33
29703,83.33
29704,83.33
29705,83.33
29706,83.33
29707,83.33
29708,83.33
29709,83.33
29710,83.33
29711,83.33
29712,83.33
29713,83.33
29714,83.33
29715,83.33
29716,83.33
29717,83.33
29718,83.33
29719,83.33
29720,83.33
29721,83.33
29722,83.33
29723,83.33
29724,83.33
29725,83.33
29726,83.33
29727,83.33
29728,83.33
29729,83.33
29730,83.33
29731,83.33
29732,83.33
29733,83.33
29734,83.33
29735,83.33
29736,83.33
29737,83.33
29738,83.33
29739,83.33
29740,83.33
29741,83.33
29742,83.33
29743,83.33
29744,83.33
29745,83.33
29746,83.33
29747,83.33
29748,83.33
29749,83.33
29750,83.33
29751,83.33
29752,83.33
29753,83.33
29754,83.33
29755,83.33
29756,83.33
29757,83.33
29758,83.33
29759,83.33
29760,83.33
29761,83.33
29762,83.33
29763,83.33
29764,83.33
29765,83.33
29766,83.33
29767,83.33
29768,83.33
29769,83.33
29770,83.33
29771,83.33
29772,83.33
29773,83.33
29774,83.33
29775,83.33
29776,83.33
29777,83.33
29778,83.33
29779,83.33
29780,83.33
29781,83.33
29782,83.33
29783,83.33
29784,83.33
29785,83.33
29786,83.33
29787,83.33
29788,83.33
29789,83.33
29790,83.33
29791,83.33
29792,83.33
29793,83.33
29794,83.33
29795,83.33
29796,83.33
29797,83.33
29798,83.33
29799,83.33
29800,83.33
29801,83.33
29802,83.33
29803,83.33
29804,83.33
29805,83.33
29806,83.33
29807,83.33
29808,83.33
29809,83.33
29810,83.33
29811,83.33
29812,83.33
29813,83.33
29814,83.33
29815,83.33
29816,83.33
29817,83.33
29818,83.33
29819,83.33
29820,83.33
29821,83.33
29822,83.33
29823,83.33
29824,83.33
29825,83.33
29826,83.33
29827,83.33
29828,83.33
29829,83.33
29830,83.33
29831,83.33
29832,83.33
29833,83.33
29834,83.33
29835,83.33
29836,83.33
29837,83.33
29838,83.33
29839,83.33
29840,83.33
29841,83.33
29842,83.33
29843,83.33
29844,83.33
29845,83.33
29846,83.33
29847,83.33
29848,83.33
29849,83.33
29850,83.33
29851,83.33
29852,83.33
29853,83.33
29854,83.33
29855,83.33
29856,83.33
29857,83.33
29858,83.33
29859,83.33
29860,83.33
29861,83.33
29862,83.33
29863,83.33
29864,83.33
29865,83.33
29866,83.33
29867,83.33
29868,83.33
29869,83.33
29870,83.33
29871,83.33
29872,83.33
29873,83.33
29874,83.33
29875,83.33
29876,83.33
29877,83.33
29878,83.33
29879,83.33
29880,83.33
29881,83.33
29882,83.33
29883,83.33
29884,83.33
29885,83.33
29886,83.33
29887,83.33
29888,83.33
29889,83.33
29890,83.33
29891,83.33
29892,83.33
29893,83.33
29894,83.33
29895,83.33
29896,83.33
29897,83.33
29898,83.33
29899,83.33
29900,83.33
29901,83.33
29902,83.33
29903,83.33
29904,83.33
29905,83.33
29906,83.33
29907,83.33
29908,83.33
29909,83.33
29910,83.33
29911,83.33
29912,83.33
29913,83.33
29914,83.33
29915,83.33
29916,83.33
29917,83.33
29918,83.33
29919,83.33
29920,83.33
29921,83.33
29922,83.33
29923,83.33
29924,83.33
29925,83.33
29926,83.33
29927,83.33
29928,83.33
29929,83.33
29930,83.33
29931,83.33
29932,83.33
29933,83.33
29934,83.33
29935,83.33
29936,83.33
29937,83.33
29938,83.33
29939,83.33
29940,83.33
29941,83.33
29942,83.33
29943,83.33
29944,83.33
29945,83.33
29946,83.33
29947,83.33
29948,83.33
29949,83.33
29950,83.33
29951,83.33
29952,83.33
29953,83.33
29954,83.33
29955,83.33
29956,83.33
29957,83.33
29958,83.33
29959,83.33
29960,83.33
29961,83.33
29962,83.33
29963,83.33
29964,83.33
29965,83.33
29966,83.33
29967,83.33
29968,83.33
29969,83.33
29970,83.33
29971,83.33
29972,83.33
29973,83.33
29974,83.33
29975,83.33
29976,83.33
29977,83.33
29978,83.33
29979,83.33
29980,83.33
29981,83.33
29982,83.33
29983,83.33
29984,83.33
29985,83.33
29986,83.33
29987,83.33
29988,83.33
29989,83.33
29990,83.33
29991,83.33
29992,83.33
29993,83.33
29994,83.33
29995,83.33
29996,83.33
29997,83.33
29998,83.33
29999,83.33
30000,83.33
30001,83.33
30002,83.33
30003,83.33
30004,83.33
30005,83.33
30006,83.33
30007,83.33
30008,83.33
30009,83.33
30010,83.33
30011,83.33
30012,83.33
30013,83.33
30014,83.33
30015,83.33
30016,83.33
30017,83.33
30018,83.33
30019,83.33
30020,83.33
30021,83.33
30022,83.33
30023,83.33
30024,83.33
30025,83.33
30026,83.33
30027,83.33
30028,83.33
30029,83.33
30030,83.33
30031,83.33
30032,83.33
30033,83.33
30034,83.33
30035,83.33
30036,83.33
30037,83.33
30038,83.33
30039,83.33
30040,83.33
30041,83.33
30042,83.33
30043,83.33
30044,83.33
30045,83.33
30046,83.33
30047,83.33
30048,83.33
30049,83.33
30050,83.33
30051,83.33
30052,83.33
30053,83.33
30054,83.33
30055,83.33
30056,83.33
30057,83.33
30058,83.33
30059,83.33
30060,83.33
30061,83.33
30062,83.33
30063,83.33
30064,83.33
30065,83.33
30066,83.33
30067,83.33
30068,83.33
30069,83.33
30070,83.33
30071,83.33
30072,83.33
30073,83.33
30074,83.33
30075,83.33
30076,83.33
30077,83.33
30078,83.33
30079,83.33
30080,83.33
30081,83.33
30082,83.33
30083,83.33
30084,83.33
30085,83.33
30086,83.33
30087,83.33
30088,83.33
30089,83.33
30090,83.33
30091,83.33
30092,83.33
30093,83.33
30094,83.33
30095,83.33
30096,83.33
30097,83.33
30098,83.33
30099,83.33
30100,83.33
30101,83.33
30102,83.33
30103,83.33
30104,83.33
30105,83.33
30106,83.33
30107,83.33
30108,83.33
30109,83.33
30110,83.33
30111,83.33
30112,83.33
30113,83.33
30114,83.33
30115,83.33
30116,83.33
30117,83.33
30118,83.33
30119,83.33
30120,83.33
30121,83.33
30122,83.33
30123,83.33
30124,83.33
30125,83.33
30126,83.33
30127,83.33
30128,83.33
30129,83.33
30130,83.33
30131,83.33
30132,83.33
30133,83.33
30134,83.33
30135,83.33
30136,83.33
30137,83.33
30138,83.33
30139,83.33
30140,83.33
30141,83.33
30142,83.33
30143,83.33
30144,83.33
30145,83.33
30146,83.33
30147,83.33
30148,83.33
30149,83.33
30150,83.33
30151,83.33
30152,83.33
30153,83.33
30154,83.33
30155,83.33
30156,83.33
30157,83.33
30158,83.33
30159,83.33
30160,83.33
30161,83.33
30162,83.33
30163,83.33
30164,83.33
30165,83.33
30166,83.33
30167,83.33
30168,83.33
30169,83.33
30170,83.33
30171,83.33
30172,83.33
30173,83.33
30174,83.33
30175,83.33
30176,83.33
30177,83.33
30178,83.33
30179,83.33
30180,83.33
30181,83.33
30182,83.33
30183,83.33
30184,83.33
30185,83.33
30186,83.33
30187,83.33
30188,83.33
30189,83.33
30190,83.33
30191,83.33
30192,83.33
30193,83.33
30194,83.33
30195,83.33
30196,83.33
30197,83.33
30198,83.33
30199,83.33
30200,83.33
30201,83.33
30202,83.33
30203,83.33
30204,83.33
30205,83.33
30206,83.33
30207,83.33
30208,83.33
30209,83.33
30210,83.33
30211,83.33
30212,83.33
30213,83.33
30214,83.33
30215,83.33
30216,83.33
30217,83.33
30218,83.33
30219,83.33
30220,83.33
30221,83.33
30222,83.33
30223,83.33
30224,83.33
30225,83.33
30226,83.33
30227,83.33
30228,83.33
30229,83.33
30230,83.33
30231,83.33
30232,83.33
30233,83.33
30234,83.33
30235,83.33
30236,83.33
30237,83.33
30238,83.33
30239,83.33
30240,83.33
30241,83.33
30242,83.33
30243,83.33
30244,83.33
30245,83.33
30246,83.33
30247,83.33
30248,83.33
30249,83.33
30250,83.33
30251,83.33
30252,83.33
30253,83.33
30254,83.33
30255,83.33
30256,83.33
30257,83.33
30258,83.33
30259,83.33
30260,83.33
30261,83.33
30262,83.33
30263,83.33
30264,83.33
30265,83.33
30266,83.33
30267,83.33
30268,83.33
30269,83.33
30270,83.33
30271,83.33
30272,83.33
30273,83.33
30274,83.33
30275,83.33
30276,83.33
30277,83.33
30278,83.33
30279,83.33
30280,83.33
30281,83.33
30282,83.33
30283,83.33
30284,83.33
30285,83.33
30286,83.33
30287,83.33
30288,83.33
30289,83.33
30290,83.33
30291,83.33
30292,83.33
30293,83.33
30294,83.33
30295,83.33
30296,83.33
30297,83.33
30298,83.33
30299,83.33
30300,83.33
30301,83.33
30302,83.33
30303,83.33
30304,83.33
30305,83.33
30306,83.33
30307,83.33
30308,83.33
30309,83.33
30310,83.33
30311,83.33
30312,83.33
30313,83.33
30314,83.33
30315,83.33
30316,83.33
30317,83.33
30318,83.33
30319,83.33
30320,83.33
30321,83.33
30322,83.33
30323,83.33
30324,83.33
30325,83.33
30326,83.33
30327,83.33
30328,83.33
30329,83.33
30330,83.33
30331,83.33
30332,83.33
30333,83.33
30334,83.33
30335,83.33
30336,83.33
30337,83.33
30338,83.33
30339,83.33
30340,83.33
30341,83.33
30342,83.33
30343,83.33
30344,83.33
30345,83.33
30346,83.33
30347,83.33
30348,83.33
30349,83.33
30350,83.33
30351,83.33
30352,83.33
30353,83.33
30354,83.33
30355,83.33
30356,83.33
30357,83.33
30358,83.33
30359,83.33
30360,83.33
30361,83.33
30362,83.33
30363,83.33
30364,83.33
30365,83.33
30366,83.33
30367,83.33
30368,83.33
30369,83.33
30370,83.33
30371,83.33
30372,83.33
30373,83.33
30374,83.33
30375,83.33
30376,83.33
30377,83.33
30378,83.33
30379,83.33
30380,83.33
30381,83.33
30382,83.33
30383,83.33
30384,83.33
30385,83.33
30386,83.33
30387,83.33
30388,83.33
30389,83.33
30390,83.33
30391,83.33
30392,83.33
30393,83.33
30394,83.33
30395,83.33
30396,83.33
30397,83.33
30398,83.33
30399,83.33
30400,83.33
30401,83.33
30402,83.33
30403,83.33
30404,83.33
30405,83.33
30406,83.33
30407,83.33
30408,83.33
30409,83.33
30410,83.33
30411,83.33
30412,83.33
30413,83.33
30414,83.33
30415,83.33
30416,83.33
30417,83.33
30418,83.33
30419,83.33
30420,83.33
30421,83.33
30422,83.33
30423,83.33
30424,83.33
30425,83.33
30426,83.33
30427,83.33
30428,83.33
30429,83.33
30430,83.33
30431,83.33
30432,83.33
30433,83.33
30434,83.33
30435,83.33
30436,83.33
30437,83.33
30438,83.33
30439,83.33
30440,83.33
30441,83.33
30442,83.33
30443,83.33
30444,83.33
30445,83.33
30446,83.33
30447,83.33
30448,83.33
30449,83.33
30450,83.33
30451,83.33
30452,83.33
30453,83.33
30454,83.33
30455,83.33
30456,83.33
30457,83.33
30458,83.33
30459,83.33
30460,83.33
30461,83.33
30462,83.33
30463,83.33
30464,83.33
30465,83.33
30466,83.33
30467,83.33
30468,83.33
30469,83.33
30470,83.33
30471,83.33
30472,83.33
30473,83.33
30474,83.33
30475,83.33
30476,83.33
30477,83.33
30478,83.33
30479,83.33
30480,83.33
30481,83.33
30482,83.33
30483,83.33
30484,83.33
30485,83.33
30486,83.33
30487,83.33
30488,83.33
30489,83.33
30490,83.33
30491,83.33
30492,83.33
30493,83.33
30494,83.33
30495,83.33
30496,83.33
30497,83.33
30498,83.33
30499,83.33
30500,83.33
30501,83.33
30502,83.33
30503,83.33
30504,83.33
30505,83.33
30506,83.33
30507,83.33
30508,83.33
30509,83.33
30510,83.33
30511,83.33
30512,83.33
30513,83.33
30514,83.33
30515,83.33
30516,83.33
30517,83.33
30518,83.33
30519,83.33
30520,83.33
30521,83.33
30522,83.33
30523,83.33
30524,83.33
30525,83.33
30526,83.33
30527,83.33
30528,83.33
30529,83.33
30530,83.33
30531,83.33
30532,83.33
30533,83.33
30534,83.33
30535,83.33
30536,83.33
30537,83.33
30538,83.33
30539,83.33
30540,83.33
30541,83.33
30542,83.33
30543,83.33
30544,83.33
30545,83.33
30546,83.33
30547,83.33
30548,83.33
30549,83.33
30550,83.33
30551,83.33
30552,83.33
30553,83.33
30554,83.33
30555,83.33
30556,83.33
30557,83.33
30558,83.33
30559,83.33
30560,83.33
30561,83.33
30562,83.33
30563,83.33
30564,83.33
30565,83.33
30566,83.33
30567,83.33
30568,83.33
30569,83.33
30570,83.33
30571,83.33
30572,83.33
30573,83.33
30574,83.33
30575,83.33
30576,83.33
30577,83.33
30578,83.33
30579,83.33
30580,83.33
30581,83.33
30582,83.33
30583,83.33
30584,83.33
30585,83.33
30586,83.33
30587,83.33
30588,83.33
30589,83.33
30590,83.33
30591,83.33
30592,83.33
30593,83.33
30594,83.33
30595,83.33
30596,83.33
30597,83.33
30598,83.33
30599,83.33
30600,83.33
30601,83.33
30602,83.33
30603,83.33
30604,83.33
30605,83.33
30606,83.33
30607,83.33
30608,83.33
30609,83.33
30610,83.33
30611,83.33
30612,83.33
30613,83.33
30614,83.33
30615,83.33
30616,83.33
30617,83.33
30618,83.33
30619,83.33
30620,83.33
30621,83.33
30622,83.33
30623,83.33
30624,83.33
30625,83.33
30626,83.33
30627,83.33
30628,83.33
30629,83.33
30630,83.33
30631,83.33
30632,83.33
30633,83.33
30634,83.33
30635,83.33
30636,83.33
30637,83.33
30638,83.33
30639,83.33
30640,83.33
30641,83.33
30642,83.33
30643,83.33
30644,83.33
30645,83.33
30646,83.33
30647,83.33
30648,83.33
30649,83.33
30650,83.33
30651,83.33
30652,83.33
30653,83.33
30654,83.33
30655,83.33
30656,83.33
30657,83.33
30658,83.33
30659,83.33
30660,83.33
30661,83.33
30662,83.33
30663,83.33
30664,83.33
30665,83.33
30666,83.33
30667,83.33
30668,83.33
30669,83.33
30670,83.33
30671,83.33
30672,83.33
30673,83.33
30674,83.33
30675,83.33
30676,83.33
30677,83.33
30678,83.33
30679,83.33
30680,83.33
30681,83.33
30682,83.33
30683,83.33
30684,83.33
30685,83.33
30686,83.33
30687,83.33
30688,83.33
30689,83.33
30690,83.33
30691,83.33
30692,83.33
30693,83.33
30694,83.33
30695,83.33
30696,83.33
30697,83.33
30698,83.33
30699,83.33
30700,83.33
30701,83.33
30702,83.33
30703,83.33
30704,83.33
30705,83.33
30706,83.33
30707,83.33
30708,83.33
30709,83.33
30710,83.33
30711,83.33
30712,83.33
30713,83.33
30714,83.33
30715,83.33
30716,83.33
30717,83.33
30718,83.33
30719,83.33
30720,83.33
30721,83.33
30722,83.33
30723,83.33
30724,83.33
30725,83.33
30726,83.33
30727,83.33
30728,83.33
30729,83.33
30730,83.33
30731,83.33
30732,83.33
30733,83.33
30734,83.33
30735,83.33
30736,83.33
30737,83.33
30738,83.33
30739,83.33
30740,83.33
30741,83.33
30742,83.33
30743,83.33
30744,83.33
30745,83.33
30746,83.33
30747,83.33
30748,83.33
30749,83.33
30750,83.33
30751,83.33
30752,83.33
30753,83.33
30754,83.33
30755,83.33
30756,83.33
30757,83.33
30758,83.33
30759,83.33
30760,83.33
30761,83.33
30762,83.33
30763,83.33
30764,83.33
30765,83.33
30766,83.33
30767,83.33
30768,83.33
30769,83.33
30770,83.33
30771,83.33
30772,83.33
30773,83.33
30774,83.33
30775,83.33
30776,83.33
30777,83.33
30778,83.33
30779,83.33
30780,83.33
30781,83.33
30782,83.33
30783,83.33
30784,83.33
30785,83.33
30786,83.33
30787,83.33
30788,83.33
30789,83.33
30790,83.33
30791,83.33
30792,83.33
30793,83.33
30794,83.33
30795,83.33
30796,83.33
30797,83.33
30798,83.33
30799,83.33
30800,83.33
30801,83.33
30802,83.33
30803,83.33
30804,83.33
30805,83.33
30806,83.33
30807,83.33
30808,83.33
30809,83.33
30810,83.33
30811,83.33
30812,83.33
30813,83.33
30814,83.33
30815,83.33
30816,83.33
30817,83.33
30818,83.33
30819,83.33
30820,83.33
30821,83.33
30822,83.33
30823,83.33
30824,83.33
30825,83.33
30826,83.33
30827,83.33
30828,83.33
30829,83.33
30830,83.33
30831,83.33
30832,83.33
30833,83.33
30834,83.33
30835,83.33
30836,83.33
30837,83.33
30838,83.33
30839,83.33
30840,83.33
30841,83.33
30842,83.33
30843,83.33
30844,83.33
30845,83.33
30846,83.33
30847,83.33
30848,83.33
30849,83.33
30850,83.33
30851,83.33
30852,83.33
30853,83.33
30854,83.33
30855,83.33
30856,83.33
30857,83.33
30858,83.33
30859,83.33
30860,83.33
30861,83.33
30862,83.33
30863,83.33
30864,83.33
30865,83.33
30866,83.33
30867,83.33
30868,83.33
30869,83.33
30870,83.33
30871,83.33
30872,83.33
30873,83.33
30874,83.33
30875,83.33
30876,83.33
30877,83.33
30878,83.33
30879,83.33
30880,83.33
30881,83.33
30882,83.33
30883,83.33
30884,83.33
30885,83.33
30886,83.33
30887,83.33
30888,83.33
30889,83.33
30890,83.33
30891,83.33
30892,83.33
30893,83.33
30894,83.33
30895,83.33
30896,83.33
30897,83.33
30898,83.33
30899,83.33
30900,83.33
30901,83.33
30902,83.33
30903,83.33
30904,83.33
30905,83.33
30906,83.33
30907,83.33
30908,83.33
30909,83.33
30910,83.33
30911,83.33
30912,83.33
30913,83.33
30914,83.33
30915,83.33
30916,83.33
30917,83.33
30918,83.33
30919,83.33
30920,83.33
30921,83.33
30922,83.33
30923,83.33
30924,83.33
30925,83.33
30926,83.33
30927,83.33
30928,83.33
30929,83.33
30930,83.33
30931,83.33
30932,83.33
30933,83.33
30934,83.33
30935,83.33
30936,83.33
30937,83.33
30938,83.33
30939,83.33
30940,83.33
30941,83.33
30942,83.33
30943,83.33
30944,83.33
30945,83.33
30946,83.33
30947,83.33
30948,83.33
30949,83.33
30950,83.33
30951,83.33
30952,83.33
30953,83.33
30954,83.33
30955,83.33
30956,83.33
30957,83.33
30958,83.33
30959,83.33
30960,83.33
30961,83.33
30962,83.33
30963,83.33
30964,83.33
30965,83.33
30966,83.33
30967,83.33
30968,83.33
30969,83.33
30970,83.33
30971,83.33
30972,83.33
30973,83.33
30974,83.33
30975,83.33
30976,83.33
30977,83.33
30978,83.33
30979,83.33
30980,83.33
30981,83.33
30982,83.33
30983,83.33
30984,83.33
30985,83.33
30986,83.33
30987,83.33
30988,83.33
30989,83.33
30990,83.33
30991,83.33
30992,83.33
30993,83.33
30994,83.33
30995,83.33
30996,83.33
30997,83.33
30998,83.33
30999,83.33
31000,83.33
31001,83.33
31002,83.33
31003,83.33
31004,83.33
31005,83.33
31006,83.33
31007,83.33
31008,83.33
31009,83.33
31010,83.33
31011,83.33
31012,83.33
31013,83.33
31014,83.33
31015,83.33
31016,83.33
31017,83.33
31018,83.33
31019,83.33
31020,83.33
31021,83.33
31022,83.33
31023,83.33
31024,83.33
31025,83.33
31026,83.33
31027,83.33
31028,83.33
31029,83.33
31030,83.33
31031,83.33
31032,83.33
31033,83.33
31034,83.33
31035,83.33
31036,83.33
31037,83.33
31038,83.33
31039,83.33
31040,83.33
31041,83.33
31042,83.33
31043,83.33
31044,83.33
31045,83.33
31046,83.33
31047,83.33
31048,83.33
31049,83.33
31050,83.33
31051,83.33
31052,83.33
31053,83.33
31054,83.33
31055,83.33
31056,83.33
31057,83.33
31058,83.33
31059,83.33
31060,83.33
31061,83.33
31062,83.33
31063,83.33
31064,83.33
31065,83.33
31066,83.33
31067,83.33
31068,83.33
31069,83.33
31070,83.33
31071,83.33
31072,83.33
31073,83.33
31074,83.33
31075,83.33
31076,83.33
31077,83.33
31078,83.33
31079,83.33
31080,83.33
31081,83.33
31082,83.33
31083,83.33
31084,83.33
31085,83.33
31086,83.33
31087,83.33
31088,83.33
31089,83.33
31090,83.33
31091,83.33
31092,83.33
31093,83.33
31094,83.33
31095,83.33
31096,83.33
31097,83.33
31098,83.33
31099,83.33
31100,83.33
31101,83.33
31102,83.33
31103,83.33
31104,83.33
31105,83.33
31106,83.33
31107,83.33
31108,83.33
31109,83.33
31110,83.33
31111,83.33
31112,83.33
31113,83.33
31114,83.33
31115,83.33
31116,83.33
31117,83.33
31118,83.33
31119,83.33
31120,83.33
31121,83.33
31122,83.33
31123,83.33
31124,83.33
31125,83.33
31126,83.33
31127,83.33
31128,83.33
31129,83.33
31130,83.33
31131,83.33
31132,83.33
31133,83.33
31134,83.33
31135,83.33
31136,83.33
31137,83.33
31138,83.33
31139,83.33
31140,83.33
31141,83.33
31142,83.33
31143,83.33
31144,83.33
31145,83.33
31146,83.33
31147,83.33
31148,83.33
31149,83.33
31150,83.33
31151,83.33
31152,83.33
31153,83.33
31154,83.33
31155,83.33
31156,83.33
31157,83.33
31158,83.33
31159,83.33
31160,83.33
31161,83.33
31162,83.33
31163,83.33
31164,83.33
31165,83.33
31166,83.33
31167,83.33
31168,83.33
31169,83.33
31170,83.33
31171,83.33
31172,83.33
31173,83.33
31174,83.33
31175,83.33
31176,83.33
31177,83.33
31178,83.33
31179,83.33
31180,83.33
31181,83.33
31182,83.33
31183,83.33
31184,83.33
31185,83.33
31186,83.33
31187,83.33
31188,83.33
31189,83.33
31190,83.33
31191,83.33
31192,83.33
31193,83.33
31194,83.33
31195,83.33
31196,83.33
31197,83.33
31198,83.33
31199,83.33
31200,83.33
31201,83.33
31202,83.33
31203,83.33
31204,83.33
31205,83.33
31206,83.33
31207,83.33
31208,83.33
31209,83.33
31210,83.33
31211,83.33
31212,83.33
31213,83.33
31214,83.33
31215,83.33
31216,83.33
31217,83.33
31218,83.33
31219,83.33
31220,83.33
31221,83.33
31222,83.33
31223,83.33
31224,83.33
31225,83.33
31226,83.33
31227,83.33
31228,83.33
31229,83.33
31230,83.33
31231,83.33
31232,83.33
31233,83.33
31234,83.33
31235,83.33
31236,83.33
31237,83.33
31238,83.33
31239,83.33
31240,83.33
31241,83.33
31242,83.33
31243,83.33
31244,83.33
31245,83.33
31246,83.33
31247,83.33
31248,83.33
31249,83.33
31250,83.33
31251,83.33
31252,83.33
31253,83.33
31254,83.33
31255,83.33
31256,83.33
31257,83.33
31258,83.33
31259,83.33
31260,83.33
31261,83.33
31262,83.33
31263,83.33
31264,83.33
31265,83.33
31266,83.33
31267,83.33
31268,83.33
31269,83.33
31270,83.33
31271,83.33
31272,83.33
31273,83.33
31274,83.33
31275,83.33
31276,83.33
31277,83.33
31278,83.33
31279,83.33
31280,83.33
31281,83.33
31282,83.33
31283,83.33
31284,83.33
31285,83.33
31286,83.33
31287,83.33
31288,83.33
31289,83.33
31290,83.33
31291,83.33
31292,83.33
31293,83.33
31294,83.33
31295,83.33
31296,83.33
31297,83.33
31298,83.33
31299,83.33
31300,83.33
31301,83.33
31302,83.33
31303,83.33
31304,83.33
31305,83.33
31306,83.33
31307,83.33
31308,83.33
31309,83.33
31310,83.33
31311,83.33
31312,83.33
31313,83.33
31314,83.33
31315,83.33
31316,83.33
31317,83.33
31318,83.33
31319,83.33
31320,83.33
31321,83.33
31322,83.33
31323,83.33
31324,83.33
31325,83.33
31326,83.33
31327,83.33
31328,83.33
31329,83.33
31330,83.33
31331,83.33
31332,83.33
31333,83.33
31334,83.33
31335,83.33
31336,83.33
31337,83.33
31338,83.33
31339,83.33
31340,83.33
31341,83.33
31342,83.33
31343,83.33
31344,83.33
31345,83.33
31346,83.33
31347,83.33
31348,83.33
31349,83.33
31350,83.33
31351,83.33
31352,83.33
31353,83.33
31354,83.33
31355,83.33
31356,83.33
31357,83.33
31358,83.33
31359,83.33
31360,83.33
31361,83.33
31362,83.33
31363,83.33
31364,83.33
31365,83.33
31366,83.33
31367,83.33
31368,83.33
31369,83.33
31370,83.33
31371,83.33
31372,83.33
31373,83.33
31374,83.33
31375,83.33
31376,83.33
31377,83.33
31378,83.33
31379,83.33
31380,83.33
31381,83.33
31382,83.33
31383,83.33
31384,83.33
31385,83.33
31386,83.33
31387,83.33
31388,83.33
31389,83.33
31390,83.33
31391,83.33
31392,83.33
31393,83.33
31394,83.33
31395,83.33
31396,83.33
31397,83.33
31398,83.33
31399,83.33
31400,83.33
31401,83.33
31402,83.33
31403,83.33
31404,83.33
31405,83.33
31406,83.33
31407,83.33
31408,83.33
31409,83.33
31410,83.33
31411,83.33
31412,83.33
31413,83.33
31414,83.33
31415,83.33
31416,83.33
31417,83.33
31418,83.33
31419,83.33
31420,83.33
31421,83.33
31422,83.33
31423,83.33
31424,83.33
31425,83.33
31426,83.33
31427,83.33
31428,83.33
31429,83.33
31430,83.33
31431,83.33
31432,83.33
31433,83.33
31434,83.33
31435,83.33
31436,83.33
31437,83.33
31438,83.33
31439,83.33
31440,83.33
31441,83.33
31442,83.33
31443,83.33
31444,83.33
31445,83.33
31446,83.33
31447,83.33
31448,83.33
31449,83.33
31450,83.33
31451,83.33
31452,83.33
31453,83.33
31454,83.33
31455,83.33
31456,83.33
31457,83.33
31458,83.33
31459,83.33
31460,83.33
31461,83.33
31462,83.33
31463,83.33
31464,83.33
31465,83.33
31466,83.33
31467,83.33
31468,83.33
31469,83.33
31470,83.33
31471,83.33
31472,83.33
31473,83.33
31474,83.33
31475,83.33
31476,83.33
31477,83.33
31478,83.33
31479,83.33
31480,83.33
31481,83.33
31482,83.33
31483,83.33
31484,83.33
31485,83.33
31486,83.33
31487,83.33
31488,83.33
31489,83.33
31490,83.33
31491,83.33
31492,83.33
31493,83.33
31494,83.33
31495,83.33
31496,83.33
31497,83.33
31498,83.33
31499,83.33
31500,83.33
31501,83.33
31502,83.33
31503,83.33
31504,83.33
31505,83.33
31506,83.33
31507,83.33
31508,83.33
31509,83.33
31510,83.33
31511,83.33
31512,83.33
31513,83.33
31514,83.33
31515,83.33
31516,83.33
31517,83.33
31518,83.33
31519,83.33
31520,83.33
31521,83.33
31522,83.33
31523,83.33
31524,83.33
31525,83.33
31526,83.33
31527,83.33
31528,83.33
31529,83.33
31530,83.33
31531,83.33
31532,83.33
31533,83.33
31534,83.33
31535,83.33
31536,83.33
31537,83.33
31538,83.33
31539,83.33
31540,83.33
31541,83.33
31542,83.33
31543,83.33
31544,83.33
31545,83.33
31546,83.33
31547,83.33
31548,83.33
31549,83.33
31550,83.33
31551,83.33
31552,83.33
31553,83.33
31554,83.33
31555,83.33
31556,83.33
31557,83.33
31558,83.33
31559,83.33
31560,83.33
31561,83.33
31562,83.33
31563,83.33
31564,83.33
31565,83.33
31566,83.33
31567,83.33
31568,83.33
31569,83.33
31570,83.33
31571,83.33
31572,83.33
31573,83.33
31574,83.33
31575,83.33
31576,83.33
31577,83.33
31578,83.33
31579,83.33
31580,83.33
31581,83.33
31582,83.33
31583,83.33
31584,83.33
31585,83.33
31586,83.33
31587,83.33
31588,83.33
31589,83.33
31590,83.33
31591,83.33
31592,83.33
31593,83.33
31594,83.33
31595,83.33
31596,83.33
31597,83.33
31598,83.33
31599,83.33
31600,83.33
31601,83.33
31602,83.33
31603,83.33
31604,83.33
31605,83.33
31606,83.33
31607,83.33
31608,83.33
31609,83.33
31610,83.33
31611,83.33
31612,83.33
31613,83.33
31614,83.33
31615,83.33
31616,83.33
31617,83.33
31618,83.33
31619,83.33
31620,83.33
31621,83.33
31622,83.33
31623,83.33
31624,83.33
31625,83.33
31626,83.33
31627,83.33
31628,83.33
31629,83.33
31630,83.33
31631,83.33
31632,83.33
31633,83.33
31634,83.33
31635,83.33
31636,83.33
31637,83.33
31638,83.33
31639,83.33
31640,83.33
31641,83.33
31642,83.33
31643,83.33
31644,83.33
31645,83.33
31646,83.33
31647,83.33
31648,83.33
31649,83.33
31650,83.33
31651,83.33
31652,83.33
31653,83.33
31654,83.33
31655,83.33
31656,83.33
31657,83.33
31658,83.33
31659,83.33
31660,83.33
31661,83.33
31662,83.33
31663,83.33
31664,83.33
31665,83.33
31666,83.33
31667,83.33
31668,83.33
31669,83.33
31670,83.33
31671,83.33
31672,83.33
31673,83.33
31674,83.33
31675,83.33
31676,83.33
31677,83.33
31678,83.33
31679,83.33
31680,83.33
31681,83.33
31682,83.33
31683,83.33
31684,83.33
31685,83.33
31686,83.33
31687,83.33
31688,83.33
31689,83.33
31690,83.33
31691,83.33
31692,83.33
31693,83.33
31694,83.33
31695,83.33
31696,83.33
31697,83.33
31698,83.33
31699,83.33
31700,83.33
31701,83.33
31702,83.33
31703,83.33
31704,83.33
31705,83.33
31706,83.33
31707,83.33
31708,83.33
31709,83.33
31710,83.33
31711,83.33
31712,83.33
31713,83.33
31714,83.33
31715,83.33
31716,83.33
31717,83.33
31718,83.33
31719,83.33
31720,83.33
31721,83.33
31722,83.33
31723,83.33
31724,83.33
31725,83.33
31726,83.33
31727,83.33
31728,83.33
31729,83.33
31730,83.33
31731,83.33
31732,83.33
31733,83.33
31734,83.33
31735,83.33
31736,83.33
31737,83.33
31738,83.33
31739,83.33
31740,83.33
31741,83.33
31742,83.33
31743,83.33
31744,83.33
31745,83.33
31746,83.33
31747,83.33
31748,83.33
31749,83.33
31750,83.33
31751,83.33
31752,83.33
31753,83.33
31754,83.33
31755,83.33
31756,83.33
31757,83.33
31758,83.33
31759,83.33
31760,83.33
31761,83.33
31762,83.33
31763,83.33
31764,83.33
31765,83.33
31766,83.33
31767,83.33
31768,83.33
31769,83.33
31770,83.33
31771,83.33
31772,83.33
31773,83.33
31774,83.33
31775,83.33
31776,83.33
31777,83.33
31778,83.33
31779,83.33
31780,83.33
31781,83.33
31782,83.33
31783,83.33
31784,83.33
31785,83.33
31786,83.33
31787,83.33
31788,83.33
31789,83.33
31790,83.33
31791,83.33
31792,83.33
31793,83.33
31794,83.33
31795,83.33
31796,83.33
31797,83.33
31798,83.33
31799,83.33
31800,83.33
31801,83.33
31802,83.33
31803,83.33
31804,83.33
31805,83.33
31806,83.33
31807,83.33
31808,83.33
31809,83.33
31810,83.33
31811,83.33
31812,83.33
31813,83.33
31814,83.33
31815,83.33
31816,83.33
31817,83.33
31818,83.33
31819,83.33
31820,83.33
31821,83.33
31822,83.33
31823,83.33
31824,83.33
31825,83.33
31826,83.33
31827,83.33
31828,83.33
31829,83.33
31830,83.33
31831,83.33
31832,83.33
31833,83.33
31834,83.33
31835,83.33
31836,83.33
31837,83.33
31838,83.33
31839,83.33
31840,83.33
31841,83.33
31842,83.33
31843,83.33
31844,83.33
31845,83.33
31846,83.33
31847,83.33
31848,83.33
31849,83.33
31850,83.33
31851,83.33
31852,83.33
31853,83.33
31854,83.33
31855,83.33
31856,83.33
31857,83.33
31858,83.33
31859,83.33
31860,83.33
31861,83.33
31862,83.33
31863,83.33
31864,83.33
31865,83.33
31866,83.33
31867,83.33
31868,83.33
31869,83.33
31870,83.33
31871,83.33
31872,83.33
31873,83.33
31874,83.33
31875,83.33
31876,83.33
31877,83.33
31878,83.33
31879,83.33
31880,83.33
31881,83.33
31882,83.33
31883,83.33
31884,83.33
31885,83.33
31886,83.33
31887,83.33
31888,83.33
31889,83.33
31890,83.33
31891,83.33
31892,83.33
31893,83.33
31894,83.33
31895,83.33
31896,83.33
31897,83.33
31898,83.33
31899,83.33
31900,83.33
31901,83.33
31902,83.33
31903,83.33
31904,83.33
31905,83.33
31906,83.33
31907,83.33
31908,83.33
31909,83.33
31910,83.33
31911,83.33
31912,83.33
31913,83.33
31914,83.33
31915,83.33
31916,83.33
31917,83.33
31918,83.33
31919,83.33
31920,83.33
31921,83.33
31922,83.33
31923,83.33
31924,83.33
31925,83.33
31926,83.33
31927,83.33
31928,83.33
31929,83.33
31930,83.33
31931,83.33
31932,83.33
31933,83.33
31934,83.33
31935,83.33
31936,83.33
31937,83.33
31938,83.33
31939,83.33
31940,83.33
31941,83.33
31942,83.33
31943,83.33
31944,83.33
31945,83.33
31946,83.33
31947,83.33
31948,83.33
31949,83.33
31950,83.33
31951,83.33
31952,83.33
31953,83.33
31954,83.33
31955,83.33
31956,83.33
31957,83.33
31958,83.33
31959,83.33
31960,83.33
31961,83.33
31962,83.33
31963,83.33
31964,83.33
31965,83.33
31966,83.33
31967,83.33
31968,83.33
31969,83.33
31970,83.33
31971,83.33
31972,83.33
31973,83.33
31974,83.33
31975,83.33
31976,83.33
31977,83.33
31978,83.33
31979,83.33
31980,83.33
31981,83.33
31982,83.33
31983,83.33
31984,83.33
31985,83.33
31986,83.33
31987,83.33
31988,83.33
31989,83.33
31990,83.33
31991,83.33
31992,83.33
31993,83.33
31994,83.33
31995,83.33
31996,83.33
31997,83.33
31998,83.33
31999,83.33
32000,83.33
32001,83.33
32002,83.33
32003,83.33
32004,83.33
32005,83.33
32006,83.33
32007,83.33
32008,83.33
32009,83.33
32010,83.33
32011,83.33
32012,83.33
32013,83.33
32014,83.33
32015,83.33
32016,83.33
32017,83.33
32018,83.33
32019,83.33
32020,83.33
32021,83.33
32022,83.33
32023,83.33
32024,83.33
32025,83.33
32026,83.33
32027,83.33
32028,83.33
32029,83.33
32030,83.33
32031,83.33
32032,83.33
32033,83.33
32034,83.33
32035,83.33
32036,83.33
32037,83.33
32038,83.33
32039,83.33
32040,83.33
32041,83.33
32042,83.33
32043,83.33
32044,83.33
32045,83.33
32046,83.33
32047,83.33
32048,83.33
32049,83.33
32050,83.33
32051,83.33
32052,83.33
32053,83.33
32054,83.33
32055,83.33
32056,83.33
32057,83.33
32058,83.33
32059,83.33
32060,83.33
32061,83.33
32062,83.33
32063,83.33
32064,83.33
32065,83.33
32066,83.33
32067,83.33
32068,83.33
32069,83.33
32070,83.33
32071,83.33
32072,83.33
32073,83.33
32074,83.33
32075,83.33
32076,83.33
32077,83.33
32078,83.33
32079,83.33
32080,83.33
32081,83.33
32082,83.33
32083,83.33
32084,83.33
32085,83.33
32086,83.33
32087,83.33
32088,83.33
32089,83.33
32090,83.33
32091,83.33
32092,83.33
32093,83.33
32094,83.33
32095,83.33
32096,83.33
32097,83.33
32098,83.33
32099,83.33
32100,83.33
32101,83.33
32102,83.33
32103,83.33
32104,83.33
32105,83.33
32106,83.33
32107,83.33
32108,83.33
32109,83.33
32110,83.33
32111,83.33
32112,83.33
32113,83.33
32114,83.33
32115,83.33
32116,83.33
32117,83.33
32118,83.33
32119,83.33
32120,83.33
32121,83.33
32122,83.33
32123,83.33
32124,83.33
32125,83.33
32126,83.33
32127,83.33
32128,83.33
32129,83.33
32130,83.33
32131,83.33
32132,83.33
32133,83.33
32134,83.33
32135,83.33
32136,83.33
32137,83.33
32138,83.33
32139,83.33
32140,83.33
32141,83.33
32142,83.33
32143,83.33
32144,83.33
32145,83.33
32146,83.33
32147,83.33
32148,83.33
32149,83.33
32150,83.33
32151,83.33
32152,83.33
32153,83.33
32154,83.33
32155,83.33
32156,83.33
32157,83.33
32158,83.33
32159,83.33
32160,83.33
32161,83.33
32162,83.33
32163,83.33
32164,83.33
32165,83.33
32166,83.33
32167,83.33
32168,83.33
32169,83.33
32170,83.33
32171,83.33
32172,83.33
32173,83.33
32174,83.33
32175,83.33
32176,83.33
32177,83.33
32178,83.33
32179,83.33
32180,83.33
32181,83.33
32182,83.33
32183,83.33
32184,83.33
32185,83.33
32186,83.33
32187,83.33
32188,83.33
32189,83.33
32190,83.33
32191,83.33
32192,83.33
32193,83.33
32194,83.33
32195,83.33
32196,83.33
32197,83.33
32198,83.33
32199,83.33
32200,83.33
32201,83.33
32202,83.33
32203,83.33
32204,83.33
32205,83.33
32206,83.33
32207,83.33
32208,83.33
32209,83.33
32210,83.33
32211,83.33
32212,83.33
32213,83.33
32214,83.33
32215,83.33
32216,83.33
32217,83.33
32218,83.33
32219,83.33
32220,83.33
32221,83.33
32222,83.33
32223,83.33
32224,83.33
32225,83.33
32226,83.33
32227,83.33
32228,83.33
32229,83.33
32230,83.33
32231,83.33
32232,83.33
32233,83.33
32234,83.33
32235,83.33
32236,83.33
32237,83.33
32238,83.33
32239,83.33
32240,83.33
32241,83.33
32242,83.33
32243,83.33
32244,83.33
32245,83.33
32246,83.33
32247,83.33
32248,83.33
32249,83.33
32250,83.33
32251,83.33
32252,83.33
32253,83.33
32254,83.33
32255,83.33
32256,83.33
32257,83.33
32258,83.33
32259,83.33
32260,83.33
32261,83.33
32262,83.33
32263,83.33
32264,83.33
32265,83.33
32266,83.33
32267,83.33
32268,83.33
32269,83.33
32270,83.33
32271,83.33
32272,83.33
32273,83.33
32274,83.33
32275,83.33
32276,83.33
32277,83.33
32278,83.33
32279,83.33
32280,83.33
32281,83.33
32282,83.33
32283,83.33
32284,83.33
32285,83.33
32286,83.33
32287,83.33
32288,83.33
32289,83.33
32290,83.33
32291,83.33
32292,83.33
32293,83.33
32294,83.33
32295,83.33
32296,83.33
32297,83.33
32298,83.33
32299,83.33
32300,83.33
32301,83.33
32302,83.33
32303,83.33
32304,83.33
32305,83.33
32306,83.33
32307,83.33
32308,83.33
32309,83.33
32310,83.33
32311,83.33
32312,83.33
32313,83.33
32314,83.33
32315,83.33
32316,83.33
32317,83.33
32318,83.33
32319,83.33
32320,83.33
32321,83.33
32322,83.33
32323,83.33
32324,83.33
32325,83.33
32326,83.33
32327,83.33
32328,83.33
32329,83.33
32330,83.33
32331,83.33
32332,83.33
32333,83.33
32334,83.33
32335,83.33
32336,83.33
32337,83.33
32338,83.33
32339,83.33
32340,83.33
32341,83.33
32342,83.33
32343,83.33
32344,83.33
32345,83.33
32346,83.33
32347,83.33
32348,83.33
32349,83.33
32350,83.33
32351,83.33
32352,83.33
32353,83.33
32354,83.33
32355,83.33
32356,83.33
32357,83.33
32358,83.33
32359,83.33
32360,83.33
32361,83.33
32362,83.33
32363,83.33
32364,83.33
32365,83.33
32366,83.33
32367,83.33
32368,83.33
32369,83.33
32370,83.33
32371,83.33
32372,83.33
32373,83.33
32374,83.33
32375,83.33
32376,83.33
32377,83.33
32378,83.33
32379,83.33
32380,83.33
32381,83.33
32382,83.33
32383,83.33
32384,83.33
32385,83.33
32386,83.33
32387,83.33
32388,83.33
32389,83.33
32390,83.33
32391,83.33
32392,83.33
32393,83.33
32394,83.33
32395,83.33
32396,83.33
32397,83.33
32398,83.33
32399,83.33
32400,83.33
32401,83.33
32402,83.33
32403,83.33
32404,83.33
32405,83.33
32406,83.33
32407,83.33
32408,83.33
32409,83.33
32410,83.33
32411,83.33
32412,83.33
32413,83.33
32414,83.33
32415,83.33
32416,83.33
32417,83.33
32418,83.33
32419,83.33
32420,83.33
32421,83.33
32422,83.33
32423,83.33
32424,83.33
32425,83.33
32426,83.33
32427,83.33
32428,83.33
32429,83.33
32430,83.33
32431,83.33
32432,83.33
32433,83.33
32434,83.33
32435,83.33
32436,83.33
32437,83.33
32438,83.33
32439,83.33
32440,83.33
32441,83.33
32442,83.33
32443,83.33
32444,83.33
32445,83.33
32446,83.33
32447,83.33
32448,83.33
32449,83.33
32450,83.33
32451,83.33
32452,83.33
32453,83.33
32454,83.33
32455,83.33
32456,83.33
32457,83.33
32458,83.33
32459,83.33
32460,83.33
32461,83.33
32462,83.33
32463,83.33
32464,83.33
32465,83.33
32466,83.33
32467,83.33
32468,83.33
32469,83.33
32470,83.33
32471,83.33
32472,83.33
32473,83.33
32474,83.33
32475,83.33
32476,83.33
32477,83.33
32478,83.33
32479,83.33
32480,83.33
32481,83.33
32482,83.33
32483,83.33
32484,83.33
32485,83.33
32486,83.33
32487,83.33
32488,83.33
32489,83.33
32490,83.33
32491,83.33
32492,83.33
32493,83.33
32494,83.33
32495,83.33
32496,83.33
32497,83.33
32498,83.33
32499,83.33
32500,83.33
32501,83.33
32502,83.33
32503,83.33
32504,83.33
32505,83.33
32506,83.33
32507,83.33
32508,83.33
32509,83.33
32510,83.33
32511,83.33
32512,83.33
32513,83.33
32514,83.33
32515,83.33
32516,83.33
32517,83.33
32518,83.33
32519,83.33
32520,83.33
32521,83.33
32522,83.33
32523,83.33
32524,83.33
32525,83.33
32526,83.33
32527,83.33
32528,83.33
32529,83.33
32530,83.33
32531,83.33
32532,83.33
32533,83.33
32534,83.33
32535,83.33
32536,83.33
32537,83.33
32538,83.33
32539,83.33
32540,83.33
32541,83.33
32542,83.33
32543,83.33
32544,83.33
32545,83.33
32546,83.33
32547,83.33
32548,83.33
32549,83.33
32550,83.33
32551,83.33
32552,83.33
32553,83.33
32554,83.33
32555,83.33
32556,83.33
32557,83.33
32558,83.33
32559,83.33
32560,83.33
32561,83.33
32562,83.33
32563,83.33
32564,83.33
32565,83.33
32566,83.33
32567,83.33
32568,83.33
32569,83.33
32570,83.33
32571,83.33
32572,83.33
32573,83.33
32574,83.33
32575,83.33
32576,83.33
32577,83.33
32578,83.33
32579,83.33
32580,83.33
32581,83.33
32582,83.33
32583,83.33
32584,83.33
32585,83.33
32586,83.33
32587,83.33
32588,83.33
32589,83.33
32590,83.33
32591,83.33
32592,83.33
32593,83.33
32594,83.33
32595,83.33
32596,83.33
32597,83.33
32598,83.33
32599,83.33
32600,83.33
32601,83.33
32602,83.33
32603,83.33
32604,83.33
32605,83.33
32606,83.33
32607,83.33
32608,83.33
32609,83.33
32610,83.33
32611,83.33
32612,83.33
32613,83.33
32614,83.33
32615,83.33
32616,83.33
32617,83.33
32618,83.33
32619,83.33
32620,83.33
32621,83.33
32622,83.33
32623,83.33
32624,83.33
32625,83.33
32626,83.33
32627,83.33
32628,83.33
32629,83.33
32630,83.33
32631,83.33
32632,83.33
32633,83.33
32634,83.33
32635,83.33
32636,83.33
32637,83.33
32638,83.33
32639,83.33
32640,83.33
32641,83.33
32642,83.33
32643,83.33
32644,83.33
32645,83.33
32646,83.33
32647,83.33
32648,83.33
32649,83.33
32650,83.33
32651,83.33
32652,83.33
32653,83.33
32654,83.33
32655,83.33
32656,83.33
32657,83.33
32658,83.33
32659,83.33
32660,83.33
32661,83.33
32662,83.33
32663,83.33
32664,83.33
32665,83.33
32666,83.33
32667,83.33
32668,83.33
32669,83.33
32670,83.33
32671,83.33
32672,83.33
32673,83.33
32674,83.33
32675,83.33
32676,83.33
32677,83.33
32678,83.33
32679,83.33
32680,83.33
32681,83.33
32682,83.33
32683,83.33
32684,83.33
32685,83.33
32686,83.33
32687,83.33
32688,83.33
32689,83.33
32690,83.33
32691,83.33
32692,83.33
32693,83.33
32694,83.33
32695,83.33
32696,83.33
32697,83.33
32698,83.33
32699,83.33
32700,83.33
32701,83.33
32702,83.33
32703,83.33
32704,83.33
32705,83.33
32706,83.33
32707,83.33
32708,83.33
32709,83.33
32710,83.33
32711,83.33
32712,83.33
32713,83.33
32714,83.33
32715,83.33
32716,83.33
32717,83.33
32718,83.33
32719,83.33
32720,83.33
32721,83.33
32722,83.33
32723,83.33
32724,83.33
32725,83.33
32726,83.33
32727,83.33
32728,83.33
32729,83.33
32730,83.33
32731,83.33
32732,83.33
32733,83.33
32734,83.33
32735,83.33
32736,83.33
32737,83.33
32738,83.33
32739,83.33
32740,83.33
32741,83.33
32742,83.33
32743,83.33
32744,83.33
32745,83.33
32746,83.33
32747,83.33
32748,83.33
32749,83.33
32750,83.33
32751,83.33
32752,83.33
32753,83.33
32754,83.33
32755,83.33
32756,83.33
32757,83.33
32758,83.33
32759,83.33
32760,83.33
32761,83.33
32762,83.33
32763,83.33
32764,83.33
32765,83.33
32766,83.33
32767,83.33
32768,83.33
32769,83.33
32770,83.33
32771,83.33
32772,83.33
32773,83.33
32774,83.33
32775,83.33
32776,83.33
32777,83.33
32778,83.33
32779,83.33
32780,83.33
32781,83.33
32782,83.33
32783,83.33
32784,83.33
32785,83.33
32786,83.33
32787,83.33
32788,83.33
32789,83.33
32790,83.33
32791,83.33
32792,83.33
32793,83.33
32794,83.33
32795,83.33
32796,83.33
32797,83.33
32798,83.33
32799,83.33
32800,83.33
32801,83.33
32802,83.33
32803,83.33
32804,83.33
32805,83.33
32806,83.33
32807,83.33
32808,83.33
32809,83.33
32810,83.33
32811,83.33
32812,83.33
32813,83.33
32814,83.33
32815,83.33
32816,83.33
32817,83.33
32818,83.33
32819,83.33
32820,83.33
32821,83.33
32822,83.33
32823,83.33
32824,83.33
32825,83.33
32826,83.33
32827,83.33
32828,83.33
32829,83.33
32830,83.33
32831,83.33
32832,83.33
32833,83.33
32834,83.33
32835,83.33
32836,83.33
32837,83.33
32838,83.33
32839,83.33
32840,83.33
32841,83.33
32842,83.33
32843,83.33
32844,83.33
32845,83.33
32846,83.33
32847,83.33
32848,83.33
32849,83.33
32850,83.33
32851,83.33
32852,83.33
32853,83.33
32854,83.33
32855,83.33
32856,83.33
32857,83.33
32858,83.33
32859,83.33
32860,83.33
32861,83.33
32862,83.33
32863,83.33
32864,83.33
32865,83.33
32866,83.33
32867,83.33
32868,83.33
32869,83.33
32870,83.33
32871,83.33
32872,83.33
32873,83.33
32874,83.33
32875,83.33
32876,83.33
32877,83.33
32878,83.33
32879,83.33
32880,83.33
32881,83.33
32882,83.33
32883,83.33
32884,83.33
32885,83.33
32886,83.33
32887,83.33
32888,83.33
32889,83.33
32890,83.33
32891,83.33
32892,83.33
32893,83.33
32894,83.33
32895,83.33
32896,83.33
32897,83.33
32898,83.33
32899,83.33
32900,83.33
32901,83.33
32902,83.33
32903,83.33
32904,83.33
32905,83.33
32906,83.33
32907,83.33
32908,83.33
32909,83.33
32910,83.33
32911,83.33
32912,83.33
32913,83.33
32914,83.33
32915,83.33
32916,83.33
32917,83.33
32918,83.33
32919,83.33
32920,83.33
32921,83.33
32922,83.33
32923,83.33
32924,83.33
32925,83.33
32926,83.33
32927,83.33
32928,83.33
32929,83.33
32930,83.33
32931,83.33
32932,83.33
32933,83.33
32934,83.33
32935,83.33
32936,83.33
32937,83.33
32938,83.33
32939,83.33
32940,83.33
32941,83.33
32942,83.33
32943,83.33
32944,83.33
32945,83.33
32946,83.33
32947,83.33
32948,83.33
32949,83.33
32950,83.33
32951,83.33
32952,83.33
32953,83.33
32954,83.33
32955,83.33
32956,83.33
32957,83.33
32958,83.33
32959,83.33
32960,83.33
32961,83.33
32962,83.33
32963,83.33
32964,83.33
32965,83.33
32966,83.33
32967,83.33
32968,83.33
32969,83.33
32970,83.33
32971,83.33
32972,83.33
32973,83.33
32974,83.33
32975,83.33
32976,83.33
32977,83.33
32978,83.33
32979,83.33
32980,83.33
32981,83.33
32982,83.33
32983,83.33
32984,83.33
32985,83.33
32986,83.33
32987,83.33
32988,83.33
32989,83.33
32990,83.33
32991,83.33
32992,83.33
32993,83.33
32994,83.33
32995,83.33
32996,83.33
32997,83.33
32998,83.33
32999,83.33
33000,83.33
33001,83.33
33002,83.33
33003,83.33
33004,83.33
33005,83.33
33006,83.33
33007,83.33
33008,83.33
33009,83.33
33010,83.33
33011,83.33
33012,83.33
33013,83.33
33014,83.33
33015,83.33
33016,83.33
33017,83.33
33018,83.33
33019,83.33
33020,83.33
33021,83.33
33022,83.33
33023,83.33
33024,83.33
33025,83.33
33026,83.33
33027,83.33
33028,83.33
33029,83.33
33030,83.33
33031,83.33
33032,83.33
33033,83.33
33034,83.33
33035,83.33
33036,83.33
33037,83.33
33038,83.33
33039,83.33
33040,83.33
33041,83.33
33042,83.33
33043,83.33
33044,83.33
33045,83.33
33046,83.33
33047,83.33
33048,83.33
33049,83.33
33050,83.33
33051,83.33
33052,83.33
33053,83.33
33054,83.33
33055,83.33
33056,83.33
33057,83.33
33058,83.33
33059,83.33
33060,83.33
33061,83.33
33062,83.33
33063,83.33
33064,83.33
33065,83.33
33066,83.33
33067,83.33
33068,83.33
33069,83.33
33070,83.33
33071,83.33
33072,83.33
33073,83.33
33074,83.33
33075,83.33
33076,83.33
33077,83.33
33078,83.33
33079,83.33
33080,83.33
33081,83.33
33082,83.33
33083,83.33
33084,83.33
33085,83.33
33086,83.33
33087,83.33
33088,83.33
33089,83.33
33090,83.33
33091,83.33
33092,83.33
33093,83.33
33094,83.33
33095,83.33
33096,83.33
33097,83.33
33098,83.33
33099,83.33
33100,83.33
33101,83.33
33102,83.33
33103,83.33
33104,83.33
33105,83.33
33106,83.33
33107,83.33
33108,83.33
33109,83.33
33110,83.33
33111,83.33
33112,83.33
33113,83.33
33114,83.33
33115,83.33
33116,83.33
33117,83.33
33118,83.33
33119,83.33
33120,83.33
33121,83.33
33122,83.33
33123,83.33
33124,83.33
33125,83.33
33126,83.33
33127,83.33
33128,83.33
33129,83.33
33130,83.33
33131,83.33
33132,83.33
33133,83.33
33134,83.33
33135,83.33
33136,83.33
33137,83.33
33138,83.33
33139,83.33
33140,83.33
33141,83.33
33142,83.33
33143,83.33
33144,83.33
33145,83.33
33146,83.33
33147,83.33
33148,83.33
33149,83.33
33150,83.33
33151,83.33
33152,83.33
33153,83.33
33154,83.33
33155,83.33
33156,83.33
33157,83.33
33158,83.33
33159,83.33
33160,83.33
33161,83.33
33162,83.33
33163,83.33
33164,83.33
33165,83.33
33166,83.33
33167,83.33
33168,83.33
33169,83.33
33170,83.33
33171,83.33
33172,83.33
33173,83.33
33174,83.33
33175,83.33
33176,83.33
33177,83.33
33178,83.33
33179,83.33
33180,83.33
33181,83.33
33182,83.33
33183,83.33
33184,83.33
33185,83.33
33186,83.33
33187,83.33
33188,83.33
33189,83.33
33190,83.33
33191,83.33
33192,83.33
33193,83.33
33194,83.33
33195,83.33
33196,83.33
33197,83.33
33198,83.33
33199,83.33
33200,83.33
33201,83.33
33202,83.33
33203,83.33
33204,83.33
33205,83.33
33206,83.33
33207,83.33
33208,83.33
33209,83.33
33210,83.33
33211,83.33
33212,83.33
33213,83.33
33214,83.33
33215,83.33
33216,83.33
33217,83.33
33218,83.33
33219,83.33
33220,83.33
33221,83.33
33222,83.33
33223,83.33
33224,83.33
33225,83.33
33226,83.33
33227,83.33
33228,83.33
33229,83.33
33230,83.33
33231,83.33
33232,83.33
33233,83.33
33234,83.33
33235,83.33
33236,83.33
33237,83.33
33238,83.33
33239,83.33
33240,83.33
33241,83.33
33242,83.33
33243,83.33
33244,83.33
33245,83.33
33246,83.33
33247,83.33
33248,83.33
33249,83.33
33250,83.33
33251,83.33
33252,83.33
33253,83.33
33254,83.33
33255,83.33
33256,83.33
33257,83.33
33258,83.33
33259,83.33
33260,83.33
33261,83.33
33262,83.33
33263,83.33
33264,83.33
33265,83.33
33266,83.33
33267,83.33
33268,83.33
33269,83.33
33270,83.33
33271,83.33
33272,83.33
33273,83.33
33274,83.33
33275,83.33
33276,83.33
33277,83.33
33278,83.33
33279,83.33
33280,83.33
33281,83.33
33282,83.33
33283,83.33
33284,83.33
33285,83.33
33286,83.33
33287,83.33
33288,83.33
33289,83.33
33290,83.33
33291,83.33
33292,83.33
33293,83.33
33294,83.33
33295,83.33
33296,83.33
33297,83.33
33298,83.33
33299,83.33
33300,83.33
33301,83.33
33302,83.33
33303,83.33
33304,83.33
33305,83.33
33306,83.33
33307,83.33
33308,83.33
33309,83.33
33310,83.33
33311,83.33
33312,83.33
33313,83.33
33314,83.33
33315,83.33
33316,83.33
33317,83.33
33318,83.33
33319,83.33
33320,83.33
33321,83.33
33322,83.33
33323,83.33
33324,83.33
33325,83.33
33326,83.33
33327,83.33
33328,83.33
33329,83.33
33330,83.33
33331,83.33
33332,83.33
33333,83.33
33334,83.33
33335,83.33
33336,83.33
33337,83.33
33338,83.33
33339,83.33
33340,83.33
33341,83.33
33342,83.33
33343,83.33
33344,83.33
33345,83.33
33346,83.33
33347,83.33
33348,83.33
33349,83.33
33350,83.33
33351,83.33
33352,83.33
33353,83.33
33354,83.33
33355,83.33
33356,83.33
33357,83.33
33358,83.33
33359,83.33
33360,83.33
33361,83.33
33362,83.33
33363,83.33
33364,83.33
33365,83.33
33366,83.33
33367,83.33
33368,83.33
33369,83.33
33370,83.33
33371,83.33
33372,83.33
33373,83.33
33374,83.33
33375,83.33
33376,83.33
33377,83.33
33378,83.33
33379,83.33
33380,83.33
33381,83.33
33382,83.33
33383,83.33
33384,83.33
33385,83.33
33386,83.33
33387,83.33
33388,83.33
33389,83.33
33390,83.33
33391,83.33
33392,83.33
33393,83.33
33394,83.33
33395,83.33
33396,83.33
33397,83.33
33398,83.33
33399,83.33
33400,83.33
33401,83.33
33402,83.33
33403,83.33
33404,83.33
33405,83.33
33406,83.33
33407,83.33
33408,83.33
33409,83.33
33410,83.33
33411,83.33
33412,83.33
33413,83.33
33414,83.33
33415,83.33
33416,83.33
33417,83.33
33418,83.33
33419,83.33
33420,83.33
33421,83.33
33422,83.33
33423,83.33
33424,83.33
33425,83.33
33426,83.33
33427,83.33
33428,83.33
33429,83.33
33430,83.33
33431,83.33
33432,83.33
33433,83.33
33434,83.33
33435,83.33
33436,83.33
33437,83.33
33438,83.33
33439,83.33
33440,83.33
33441,83.33
33442,83.33
33443,83.33
33444,83.33
33445,83.33
33446,83.33
33447,83.33
33448,83.33
33449,83.33
33450,83.33
33451,83.33
33452,83.33
33453,83.33
33454,83.33
33455,83.33
33456,83.33
33457,83.33
33458,83.33
33459,83.33
33460,83.33
33461,83.33
33462,83.33
33463,83.33
33464,83.33
33465,83.33
33466,83.33
33467,83.33
33468,83.33
33469,83.33
33470,83.33
33471,83.33
33472,83.33
33473,83.33
33474,83.33
33475,83.33
33476,83.33
33477,83.33
33478,83.33
33479,83.33
33480,83.33
33481,83.33
33482,83.33
33483,83.33
33484,83.33
33485,83.33
33486,83.33
33487,83.33
33488,83.33
33489,83.33
33490,83.33
33491,83.33
33492,83.33
33493,83.33
33494,83.33
33495,83.33
33496,83.33
33497,83.33
33498,83.33
33499,83.33
33500,83.33
33501,83.33
33502,83.33
33503,83.33
33504,83.33
33505,83.33
33506,83.33
33507,83.33
33508,83.33
33509,83.33
33510,83.33
33511,83.33
33512,83.33
33513,83.33
33514,83.33
33515,83.33
33516,83.33
33517,83.33
33518,83.33
33519,83.33
33520,83.33
33521,83.33
33522,83.33
33523,83.33
33524,83.33
33525,83.33
33526,83.33
33527,83.33
33528,83.33
33529,83.33
33530,83.33
33531,83.33
33532,83.33
33533,83.33
33534,83.33
33535,83.33
33536,83.33
33537,83.33
33538,83.33
33539,83.33
33540,83.33
33541,83.33
33542,83.33
33543,83.33
33544,83.33
33545,83.33
33546,83.33
33547,83.33
33548,83.33
33549,83.33
33550,83.33
33551,83.33
33552,83.33
33553,83.33
33554,83.33
33555,83.33
33556,83.33
33557,83.33
33558,83.33
33559,83.33
33560,83.33
33561,83.33
33562,83.33
33563,83.33
33564,83.33
33565,83.33
33566,83.33
33567,83.33
33568,83.33
33569,83.33
33570,83.33
33571,83.33
33572,83.33
33573,83.33
33574,83.33
33575,83.33
33576,83.33
33577,83.33
33578,83.33
33579,83.33
33580,83.33
33581,83.33
33582,83.33
33583,83.33
33584,83.33
33585,83.33
33586,83.33
33587,83.33
33588,83.33
33589,83.33
33590,83.33
33591,83.33
33592,83.33
33593,83.33
33594,83.33
33595,83.33
33596,83.33
33597,83.33
33598,83.33
33599,83.33
33600,83.33
33601,83.33
33602,83.33
33603,83.33
33604,83.33
33605,83.33
33606,83.33
33607,83.33
33608,83.33
33609,83.33
33610,83.33
33611,83.33
33612,83.33
33613,83.33
33614,83.33
33615,83.33
33616,83.33
33617,83.33
33618,83.33
33619,83.33
33620,83.33
33621,83.33
33622,83.33
33623,83.33
33624,83.33
33625,83.33
33626,83.33
33627,83.33
33628,83.33
33629,83.33
33630,83.33
33631,83.33
33632,83.33
33633,83.33
33634,83.33
33635,83.33
33636,83.33
33637,83.33
33638,83.33
33639,83.33
33640,83.33
33641,83.33
33642,83.33
33643,83.33
33644,83.33
33645,83.33
33646,83.33
33647,83.33
33648,83.33
33649,83.33
33650,83.33
33651,83.33
33652,83.33
33653,83.33
33654,83.33
33655,83.33
33656,83.33
33657,83.33
33658,83.33
33659,83.33
33660,83.33
33661,83.33
33662,83.33
33663,83.33
33664,83.33
33665,83.33
33666,83.33
33667,83.33
33668,83.33
33669,83.33
33670,83.33
33671,83.33
33672,83.33
33673,83.33
33674,83.33
33675,83.33
33676,83.33
33677,83.33
33678,83.33
33679,83.33
33680,83.33
33681,83.33
33682,83.33
33683,83.33
33684,83.33
33685,83.33
33686,83.33
33687,83.33
33688,83.33
33689,83.33
33690,83.33
33691,83.33
33692,83.33
33693,83.33
33694,83.33
33695,83.33
33696,83.33
33697,83.33
33698,83.33
33699,83.33
33700,83.33
33701,83.33
33702,83.33
33703,83.33
33704,83.33
33705,83.33
33706,83.33
33707,83.33
33708,83.33
33709,83.33
33710,83.33
33711,83.33
33712,83.33
33713,83.33
33714,83.33
33715,83.33
33716,83.33
33717,83.33
33718,83.33
33719,83.33
33720,83.33
33721,83.33
33722,83.33
33723,83.33
33724,83.33
33725,83.33
33726,83.33
33727,83.33
33728,83.33
33729,83.33
33730,83.33
33731,83.33
33732,83.33
33733,83.33
33734,83.33
33735,83.33
33736,83.33
33737,83.33
33738,83.33
33739,83.33
33740,83.33
33741,83.33
33742,83.33
33743,83.33
33744,83.33
33745,83.33
33746,83.33
33747,83.33
33748,83.33
33749,83.33
33750,83.33
33751,83.33
33752,83.33
33753,83.33
33754,83.33
33755,83.33
33756,83.33
33757,83.33
33758,83.33
33759,83.33
33760,83.33
33761,83.33
33762,83.33
33763,83.33
33764,83.33
33765,83.33
33766,83.33
33767,83.33
33768,83.33
33769,83.33
33770,83.33
33771,83.33
33772,83.33
33773,83.33
33774,83.33
33775,83.33
33776,83.33
33777,83.33
33778,83.33
33779,83.33
33780,83.33
33781,83.33
33782,83.33
33783,83.33
33784,83.33
33785,83.33
33786,83.33
33787,83.33
33788,83.33
33789,83.33
33790,83.33
33791,83.33
33792,83.33
33793,83.33
33794,83.33
33795,83.33
33796,83.33
33797,83.33
33798,83.33
33799,83.33
33800,83.33
33801,83.33
33802,83.33
33803,83.33
33804,83.33
33805,83.33
33806,83.33
33807,83.33
33808,83.33
33809,83.33
33810,83.33
33811,83.33
33812,83.33
33813,83.33
33814,83.33
33815,83.33
33816,83.33
33817,83.33
33818,83.33
33819,83.33
33820,83.33
33821,83.33
33822,83.33
33823,83.33
33824,83.33
33825,83.33
33826,83.33
33827,83.33
33828,83.33
33829,83.33
33830,83.33
33831,83.33
33832,83.33
33833,83.33
33834,83.33
33835,83.33
33836,83.33
33837,83.33
33838,83.33
33839,83.33
33840,83.33
33841,83.33
33842,83.33
33843,83.33
33844,83.33
33845,83.33
33846,83.33
33847,83.33
33848,83.33
33849,83.33
33850,83.33
33851,83.33
33852,83.33
33853,83.33
33854,83.33
33855,83.33
33856,83.33
33857,83.33
33858,83.33
33859,83.33
33860,83.33
33861,83.33
33862,83.33
33863,83.33
33864,83.33
33865,83.33
33866,83.33
33867,83.33
33868,83.33
33869,83.33
33870,83.33
33871,83.33
33872,83.33
33873,83.33
33874,83.33
33875,83.33
33876,83.33
33877,83.33
33878,83.33
33879,83.33
33880,83.33
33881,83.33
33882,83.33
33883,83.33
33884,83.33
33885,83.33
33886,83.33
33887,83.33
33888,83.33
33889,83.33
33890,83.33
33891,83.33
33892,83.33
33893,83.33
33894,83.33
33895,83.33
33896,83.33
33897,83.33
33898,83.33
33899,83.33
33900,83.33
33901,83.33
33902,83.33
33903,83.33
33904,83.33
33905,83.33
33906,83.33
33907,83.33
33908,83.33
33909,83.33
33910,83.33
33911,83.33
33912,83.33
33913,83.33
33914,83.33
33915,83.33
33916,83.33
33917,83.33
33918,83.33
33919,83.33
33920,83.33
33921,83.33
33922,83.33
33923,83.33
33924,83.33
33925,83.33
33926,83.33
33927,83.33
33928,83.33
33929,83.33
33930,83.33
33931,83.33
33932,83.33
33933,83.33
33934,83.33
33935,83.33
33936,83.33
33937,83.33
33938,83.33
33939,83.33
33940,83.33
33941,83.33
33942,83.33
33943,83.33
33944,83.33
33945,83.33
33946,83.33
33947,83.33
33948,83.33
33949,83.33
33950,83.33
33951,83.33
33952,83.33
33953,83.33
33954,83.33
33955,83.33
33956,83.33
33957,83.33
33958,83.33
33959,83.33
33960,83.33
33961,83.33
33962,83.33
33963,83.33
33964,83.33
33965,83.33
33966,83.33
33967,83.33
33968,83.33
33969,83.33
33970,83.33
33971,83.33
33972,83.33
33973,83.33
33974,83.33
33975,83.33
33976,83.33
33977,83.33
33978,83.33
33979,83.33
33980,83.33
33981,83.33
33982,83.33
33983,83.33
33984,83.33
33985,83.33
33986,83.33
33987,83.33
33988,83.33
33989,83.33
33990,83.33
33991,83.33
33992,83.33
33993,83.33
33994,83.33
33995,83.33
33996,83.33
33997,83.33
33998,83.33
33999,83.33
34000,83.33
34001,83.33
34002,83.33
34003,83.33
34004,83.33
34005,83.33
34006,83.33
34007,83.33
34008,83.33
34009,83.33
34010,83.33
34011,83.33
34012,83.33
34013,83.33
34014,83.33
34015,83.33
34016,83.33
34017,83.33
34018,83.33
34019,83.33
34020,83.33
34021,83.33
34022,83.33
34023,83.33
34024,83.33
34025,83.33
34026,83.33
34027,83.33
34028,83.33
34029,83.33
34030,83.33
34031,83.33
34032,83.33
34033,83.33
34034,83.33
34035,83.33
34036,83.33
34037,83.33
34038,83.33
34039,83.33
34040,83.33
34041,83.33
34042,83.33
34043,83.33
34044,83.33
34045,83.33
34046,83.33
34047,83.33
34048,83.33
34049,83.33
34050,83.33
34051,83.33
34052,83.33
34053,83.33
34054,83.33
34055,83.33
34056,83.33
34057,83.33
34058,83.33
34059,83.33
34060,83.33
34061,83.33
34062,83.33
34063,83.33
34064,83.33
34065,83.33
34066,83.33
34067,83.33
34068,83.33
34069,83.33
34070,83.33
34071,83.33
34072,83.33
34073,83.33
34074,83.33
34075,83.33
34076,83.33
34077,83.33
34078,83.33
34079,83.33
34080,83.33
34081,83.33
34082,83.33
34083,83.33
34084,83.33
34085,83.33
34086,83.33
34087,83.33
34088,83.33
34089,83.33
34090,83.33
34091,83.33
34092,83.33
34093,83.33
34094,83.33
34095,83.33
34096,83.33
34097,83.33
34098,83.33
34099,83.33
34100,83.33
34101,83.33
34102,83.33
34103,83.33
34104,83.33
34105,83.33
34106,83.33
34107,83.33
34108,83.33
34109,83.33
34110,83.33
34111,83.33
34112,83.33
34113,83.33
34114,83.33
34115,83.33
34116,83.33
34117,83.33
34118,83.33
34119,83.33
34120,83.33
34121,83.33
34122,83.33
34123,83.33
34124,83.33
34125,83.33
34126,83.33
34127,83.33
34128,83.33
34129,83.33
34130,83.33
34131,83.33
34132,83.33
34133,83.33
34134,83.33
34135,83.33
34136,83.33
34137,83.33
34138,83.33
34139,83.33
